Date,DJI_value,DJI_value(t-1),DJI_value(t-2),DJI_value(t-3),DJI_value(t-4),DJI_value(t-5),DJI_value(t-6),DJI_value(t-7),DJI_value(t-8),DJI_value(t-9),DJI_value(t-10)
2/2/2009,7936.75,-1.82,-1.75,-1.64,-1.74,-1.76,-1.78,-1.76,-1.71,-1.84,-1.69
3/2/2009,8078.359863,-1.85,-1.82,-1.75,-1.64,-1.74,-1.76,-1.78,-1.76,-1.71,-1.84
4/2/2009,7956.660156,-1.78,-1.85,-1.82,-1.75,-1.64,-1.74,-1.76,-1.78,-1.76,-1.71
5/2/2009,8063.069824,-1.84,-1.78,-1.85,-1.82,-1.75,-1.64,-1.74,-1.76,-1.78,-1.76
6/2/2009,8280.589844,-1.79,-1.84,-1.78,-1.85,-1.82,-1.75,-1.64,-1.74,-1.76,-1.78
9/2/2009,8270.870117,-1.69,-1.79,-1.84,-1.78,-1.85,-1.82,-1.75,-1.64,-1.74,-1.76
10/2/2009,7888.879883,-1.69,-1.69,-1.79,-1.84,-1.78,-1.85,-1.82,-1.75,-1.64,-1.74
11/2/2009,7939.529785,-1.87,-1.69,-1.69,-1.79,-1.84,-1.78,-1.85,-1.82,-1.75,-1.64
12/2/2009,7932.759766,-1.84,-1.87,-1.69,-1.69,-1.79,-1.84,-1.78,-1.85,-1.82,-1.75
13/2/2009,7850.410156,-1.85,-1.84,-1.87,-1.69,-1.69,-1.79,-1.84,-1.78,-1.85,-1.82
17/2/2009,7552.600098,-1.89,-1.85,-1.84,-1.87,-1.69,-1.69,-1.79,-1.84,-1.78,-1.85
18/2/2009,7555.629883,-2.02,-1.89,-1.85,-1.84,-1.87,-1.69,-1.69,-1.79,-1.84,-1.78
19/2/2009,7465.950195,-2.02,-2.02,-1.89,-1.85,-1.84,-1.87,-1.69,-1.69,-1.79,-1.84
20/2/2009,7365.669922,-2.06,-2.02,-2.02,-1.89,-1.85,-1.84,-1.87,-1.69,-1.69,-1.79
23/2/2009,7114.779785,-2.11,-2.06,-2.02,-2.02,-1.89,-1.85,-1.84,-1.87,-1.69,-1.69
24/2/2009,7350.939941,-2.23,-2.11,-2.06,-2.02,-2.02,-1.89,-1.85,-1.84,-1.87,-1.69
25/2/2009,7270.890137,-2.12,-2.23,-2.11,-2.06,-2.02,-2.02,-1.89,-1.85,-1.84,-1.87
26/2/2009,7182.080078,-2.15,-2.12,-2.23,-2.11,-2.06,-2.02,-2.02,-1.89,-1.85,-1.84
27/2/2009,7062.930176,-2.20,-2.15,-2.12,-2.23,-2.11,-2.06,-2.02,-2.02,-1.89,-1.85
2/3/2009,6763.290039,-2.25,-2.20,-2.15,-2.12,-2.23,-2.11,-2.06,-2.02,-2.02,-1.89
3/3/2009,6726.02002,-2.39,-2.25,-2.20,-2.15,-2.12,-2.23,-2.11,-2.06,-2.02,-2.02
4/3/2009,6875.839844,-2.41,-2.39,-2.25,-2.20,-2.15,-2.12,-2.23,-2.11,-2.06,-2.02
5/3/2009,6594.439941,-2.34,-2.41,-2.39,-2.25,-2.20,-2.15,-2.12,-2.23,-2.11,-2.06
6/3/2009,6626.939941,-2.47,-2.34,-2.41,-2.39,-2.25,-2.20,-2.15,-2.12,-2.23,-2.11
9/3/2009,6547.049805,-2.45,-2.47,-2.34,-2.41,-2.39,-2.25,-2.20,-2.15,-2.12,-2.23
10/3/2009,6926.490234,-2.49,-2.45,-2.47,-2.34,-2.41,-2.39,-2.25,-2.20,-2.15,-2.12
11/3/2009,6930.399902,-2.31,-2.49,-2.45,-2.47,-2.34,-2.41,-2.39,-2.25,-2.20,-2.15
12/3/2009,7170.060059,-2.31,-2.31,-2.49,-2.45,-2.47,-2.34,-2.41,-2.39,-2.25,-2.20
13/3/2009,7223.97998,-2.20,-2.31,-2.31,-2.49,-2.45,-2.47,-2.34,-2.41,-2.39,-2.25
16/3/2009,7216.970215,-2.18,-2.20,-2.31,-2.31,-2.49,-2.45,-2.47,-2.34,-2.41,-2.39
17/3/2009,7395.700195,-2.18,-2.18,-2.20,-2.31,-2.31,-2.49,-2.45,-2.47,-2.34,-2.41
18/3/2009,7486.580078,-2.10,-2.18,-2.18,-2.20,-2.31,-2.31,-2.49,-2.45,-2.47,-2.34
19/3/2009,7400.799805,-2.05,-2.10,-2.18,-2.18,-2.20,-2.31,-2.31,-2.49,-2.45,-2.47
20/3/2009,7278.379883,-2.09,-2.05,-2.10,-2.18,-2.18,-2.20,-2.31,-2.31,-2.49,-2.45
23/3/2009,7775.859863,-2.15,-2.09,-2.05,-2.10,-2.18,-2.18,-2.20,-2.31,-2.31,-2.49
24/3/2009,7659.970215,-1.92,-2.15,-2.09,-2.05,-2.10,-2.18,-2.18,-2.20,-2.31,-2.31
25/3/2009,7749.810059,-1.97,-1.92,-2.15,-2.09,-2.05,-2.10,-2.18,-2.18,-2.20,-2.31
26/3/2009,7924.560059,-1.93,-1.97,-1.92,-2.15,-2.09,-2.05,-2.10,-2.18,-2.18,-2.20
27/3/2009,7776.180176,-1.85,-1.93,-1.97,-1.92,-2.15,-2.09,-2.05,-2.10,-2.18,-2.18
30/3/2009,7522.02002,-1.92,-1.85,-1.93,-1.97,-1.92,-2.15,-2.09,-2.05,-2.10,-2.18
31/3/2009,7608.919922,-2.04,-1.92,-1.85,-1.93,-1.97,-1.92,-2.15,-2.09,-2.05,-2.10
1/4/2009,7761.600098,-2.00,-2.04,-1.92,-1.85,-1.93,-1.97,-1.92,-2.15,-2.09,-2.05
2/4/2009,7978.080078,-1.93,-2.00,-2.04,-1.92,-1.85,-1.93,-1.97,-1.92,-2.15,-2.09
3/4/2009,8017.589844,-1.83,-1.93,-2.00,-2.04,-1.92,-1.85,-1.93,-1.97,-1.92,-2.15
6/4/2009,7975.850098,-1.81,-1.83,-1.93,-2.00,-2.04,-1.92,-1.85,-1.93,-1.97,-1.92
7/4/2009,7789.560059,-1.83,-1.81,-1.83,-1.93,-2.00,-2.04,-1.92,-1.85,-1.93,-1.97
8/4/2009,7837.109863,-1.91,-1.83,-1.81,-1.83,-1.93,-2.00,-2.04,-1.92,-1.85,-1.93
9/4/2009,8083.379883,-1.89,-1.91,-1.83,-1.81,-1.83,-1.93,-2.00,-2.04,-1.92,-1.85
13/4/2009,8057.810059,-1.78,-1.89,-1.91,-1.83,-1.81,-1.83,-1.93,-2.00,-2.04,-1.92
14/4/2009,7920.180176,-1.79,-1.78,-1.89,-1.91,-1.83,-1.81,-1.83,-1.93,-2.00,-2.04
15/4/2009,8029.620117,-1.85,-1.79,-1.78,-1.89,-1.91,-1.83,-1.81,-1.83,-1.93,-2.00
16/4/2009,8125.430176,-1.80,-1.85,-1.79,-1.78,-1.89,-1.91,-1.83,-1.81,-1.83,-1.93
17/4/2009,8131.330078,-1.76,-1.80,-1.85,-1.79,-1.78,-1.89,-1.91,-1.83,-1.81,-1.83
20/4/2009,7841.72998,-1.76,-1.76,-1.80,-1.85,-1.79,-1.78,-1.89,-1.91,-1.83,-1.81
21/4/2009,7969.560059,-1.89,-1.76,-1.76,-1.80,-1.85,-1.79,-1.78,-1.89,-1.91,-1.83
22/4/2009,7886.569824,-1.83,-1.89,-1.76,-1.76,-1.80,-1.85,-1.79,-1.78,-1.89,-1.91
23/4/2009,7957.060059,-1.87,-1.83,-1.89,-1.76,-1.76,-1.80,-1.85,-1.79,-1.78,-1.89
24/4/2009,8076.290039,-1.84,-1.87,-1.83,-1.89,-1.76,-1.76,-1.80,-1.85,-1.79,-1.78
27/4/2009,8025,-1.78,-1.84,-1.87,-1.83,-1.89,-1.76,-1.76,-1.80,-1.85,-1.79
28/4/2009,8016.950195,-1.81,-1.78,-1.84,-1.87,-1.83,-1.89,-1.76,-1.76,-1.80,-1.85
29/4/2009,8185.72998,-1.81,-1.81,-1.78,-1.84,-1.87,-1.83,-1.89,-1.76,-1.76,-1.80
30/4/2009,8168.120117,-1.73,-1.81,-1.81,-1.78,-1.84,-1.87,-1.83,-1.89,-1.76,-1.76
1/5/2009,8212.410156,-1.74,-1.73,-1.81,-1.81,-1.78,-1.84,-1.87,-1.83,-1.89,-1.76
4/5/2009,8426.740234,-1.72,-1.74,-1.73,-1.81,-1.81,-1.78,-1.84,-1.87,-1.83,-1.89
5/5/2009,8410.650391,-1.62,-1.72,-1.74,-1.73,-1.81,-1.81,-1.78,-1.84,-1.87,-1.83
6/5/2009,8512.280273,-1.63,-1.62,-1.72,-1.74,-1.73,-1.81,-1.81,-1.78,-1.84,-1.87
7/5/2009,8409.849609,-1.58,-1.63,-1.62,-1.72,-1.74,-1.73,-1.81,-1.81,-1.78,-1.84
8/5/2009,8574.650391,-1.63,-1.58,-1.63,-1.62,-1.72,-1.74,-1.73,-1.81,-1.81,-1.78
11/5/2009,8418.769531,-1.55,-1.63,-1.58,-1.63,-1.62,-1.72,-1.74,-1.73,-1.81,-1.81
12/5/2009,8469.110352,-1.62,-1.55,-1.63,-1.58,-1.63,-1.62,-1.72,-1.74,-1.73,-1.81
13/5/2009,8284.889648,-1.60,-1.62,-1.55,-1.63,-1.58,-1.63,-1.62,-1.72,-1.74,-1.73
14/5/2009,8331.320313,-1.68,-1.60,-1.62,-1.55,-1.63,-1.58,-1.63,-1.62,-1.72,-1.74
15/5/2009,8268.639648,-1.66,-1.68,-1.60,-1.62,-1.55,-1.63,-1.58,-1.63,-1.62,-1.72
18/5/2009,8504.080078,-1.69,-1.66,-1.68,-1.60,-1.62,-1.55,-1.63,-1.58,-1.63,-1.62
19/5/2009,8474.849609,-1.58,-1.69,-1.66,-1.68,-1.60,-1.62,-1.55,-1.63,-1.58,-1.63
20/5/2009,8422.040039,-1.60,-1.58,-1.69,-1.66,-1.68,-1.60,-1.62,-1.55,-1.63,-1.58
21/5/2009,8292.129883,-1.62,-1.60,-1.58,-1.69,-1.66,-1.68,-1.60,-1.62,-1.55,-1.63
22/5/2009,8277.320313,-1.68,-1.62,-1.60,-1.58,-1.69,-1.66,-1.68,-1.60,-1.62,-1.55
26/5/2009,8473.490234,-1.69,-1.68,-1.62,-1.60,-1.58,-1.69,-1.66,-1.68,-1.60,-1.62
27/5/2009,8300.019531,-1.60,-1.69,-1.68,-1.62,-1.60,-1.58,-1.69,-1.66,-1.68,-1.60
28/5/2009,8403.799805,-1.68,-1.60,-1.69,-1.68,-1.62,-1.60,-1.58,-1.69,-1.66,-1.68
29/5/2009,8500.330078,-1.63,-1.68,-1.60,-1.69,-1.68,-1.62,-1.60,-1.58,-1.69,-1.66
1/6/2009,8721.44043,-1.58,-1.63,-1.68,-1.60,-1.69,-1.68,-1.62,-1.60,-1.58,-1.69
2/6/2009,8740.870117,-1.48,-1.58,-1.63,-1.68,-1.60,-1.69,-1.68,-1.62,-1.60,-1.58
3/6/2009,8675.240234,-1.47,-1.48,-1.58,-1.63,-1.68,-1.60,-1.69,-1.68,-1.62,-1.60
4/6/2009,8750.240234,-1.50,-1.47,-1.48,-1.58,-1.63,-1.68,-1.60,-1.69,-1.68,-1.62
5/6/2009,8763.129883,-1.47,-1.50,-1.47,-1.48,-1.58,-1.63,-1.68,-1.60,-1.69,-1.68
8/6/2009,8764.490234,-1.46,-1.47,-1.50,-1.47,-1.48,-1.58,-1.63,-1.68,-1.60,-1.69
9/6/2009,8763.05957,-1.46,-1.46,-1.47,-1.50,-1.47,-1.48,-1.58,-1.63,-1.68,-1.60
10/6/2009,8739.019531,-1.46,-1.46,-1.46,-1.47,-1.50,-1.47,-1.48,-1.58,-1.63,-1.68
11/6/2009,8770.919922,-1.47,-1.46,-1.46,-1.46,-1.47,-1.50,-1.47,-1.48,-1.58,-1.63
12/6/2009,8799.259766,-1.46,-1.47,-1.46,-1.46,-1.46,-1.47,-1.50,-1.47,-1.48,-1.58
15/6/2009,8612.129883,-1.45,-1.46,-1.47,-1.46,-1.46,-1.46,-1.47,-1.50,-1.47,-1.48
16/6/2009,8504.669922,-1.53,-1.45,-1.46,-1.47,-1.46,-1.46,-1.46,-1.47,-1.50,-1.47
17/6/2009,8497.179688,-1.58,-1.53,-1.45,-1.46,-1.47,-1.46,-1.46,-1.46,-1.47,-1.50
18/6/2009,8555.599609,-1.59,-1.58,-1.53,-1.45,-1.46,-1.47,-1.46,-1.46,-1.46,-1.47
19/6/2009,8539.730469,-1.56,-1.59,-1.58,-1.53,-1.45,-1.46,-1.47,-1.46,-1.46,-1.46
22/6/2009,8339.009766,-1.57,-1.56,-1.59,-1.58,-1.53,-1.45,-1.46,-1.47,-1.46,-1.46
23/6/2009,8322.910156,-1.66,-1.57,-1.56,-1.59,-1.58,-1.53,-1.45,-1.46,-1.47,-1.46
24/6/2009,8299.860352,-1.67,-1.66,-1.57,-1.56,-1.59,-1.58,-1.53,-1.45,-1.46,-1.47
25/6/2009,8472.400391,-1.68,-1.67,-1.66,-1.57,-1.56,-1.59,-1.58,-1.53,-1.45,-1.46
26/6/2009,8438.389648,-1.60,-1.68,-1.67,-1.66,-1.57,-1.56,-1.59,-1.58,-1.53,-1.45
29/6/2009,8529.379883,-1.61,-1.60,-1.68,-1.67,-1.66,-1.57,-1.56,-1.59,-1.58,-1.53
30/6/2009,8447,-1.57,-1.61,-1.60,-1.68,-1.67,-1.66,-1.57,-1.56,-1.59,-1.58
1/7/2009,8504.05957,-1.61,-1.57,-1.61,-1.60,-1.68,-1.67,-1.66,-1.57,-1.56,-1.59
2/7/2009,8280.740234,-1.58,-1.61,-1.57,-1.61,-1.60,-1.68,-1.67,-1.66,-1.57,-1.56
6/7/2009,8324.870117,-1.69,-1.58,-1.61,-1.57,-1.61,-1.60,-1.68,-1.67,-1.66,-1.57
7/7/2009,8163.600098,-1.67,-1.69,-1.58,-1.61,-1.57,-1.61,-1.60,-1.68,-1.67,-1.66
8/7/2009,8178.410156,-1.74,-1.67,-1.69,-1.58,-1.61,-1.57,-1.61,-1.60,-1.68,-1.67
9/7/2009,8183.169922,-1.73,-1.74,-1.67,-1.69,-1.58,-1.61,-1.57,-1.61,-1.60,-1.68
10/7/2009,8146.52002,-1.73,-1.73,-1.74,-1.67,-1.69,-1.58,-1.61,-1.57,-1.61,-1.60
13/7/2009,8331.679688,-1.75,-1.73,-1.73,-1.74,-1.67,-1.69,-1.58,-1.61,-1.57,-1.61
14/7/2009,8359.490234,-1.66,-1.75,-1.73,-1.73,-1.74,-1.67,-1.69,-1.58,-1.61,-1.57
15/7/2009,8616.209961,-1.65,-1.66,-1.75,-1.73,-1.73,-1.74,-1.67,-1.69,-1.58,-1.61
16/7/2009,8711.820313,-1.53,-1.65,-1.66,-1.75,-1.73,-1.73,-1.74,-1.67,-1.69,-1.58
17/7/2009,8743.94043,-1.49,-1.53,-1.65,-1.66,-1.75,-1.73,-1.73,-1.74,-1.67,-1.69
20/7/2009,8848.150391,-1.47,-1.49,-1.53,-1.65,-1.66,-1.75,-1.73,-1.73,-1.74,-1.67
21/7/2009,8915.94043,-1.42,-1.47,-1.49,-1.53,-1.65,-1.66,-1.75,-1.73,-1.73,-1.74
22/7/2009,8881.259766,-1.39,-1.42,-1.47,-1.49,-1.53,-1.65,-1.66,-1.75,-1.73,-1.73
23/7/2009,9069.290039,-1.41,-1.39,-1.42,-1.47,-1.49,-1.53,-1.65,-1.66,-1.75,-1.73
24/7/2009,9093.240234,-1.32,-1.41,-1.39,-1.42,-1.47,-1.49,-1.53,-1.65,-1.66,-1.75
27/7/2009,9108.509766,-1.31,-1.32,-1.41,-1.39,-1.42,-1.47,-1.49,-1.53,-1.65,-1.66
28/7/2009,9096.719727,-1.30,-1.31,-1.32,-1.41,-1.39,-1.42,-1.47,-1.49,-1.53,-1.65
29/7/2009,9070.719727,-1.31,-1.30,-1.31,-1.32,-1.41,-1.39,-1.42,-1.47,-1.49,-1.53
30/7/2009,9154.459961,-1.32,-1.31,-1.30,-1.31,-1.32,-1.41,-1.39,-1.42,-1.47,-1.49
31/7/2009,9171.610352,-1.28,-1.32,-1.31,-1.30,-1.31,-1.32,-1.41,-1.39,-1.42,-1.47
3/8/2009,9286.55957,-1.27,-1.28,-1.32,-1.31,-1.30,-1.31,-1.32,-1.41,-1.39,-1.42
4/8/2009,9320.19043,-1.22,-1.27,-1.28,-1.32,-1.31,-1.30,-1.31,-1.32,-1.41,-1.39
5/8/2009,9280.969727,-1.21,-1.22,-1.27,-1.28,-1.32,-1.31,-1.30,-1.31,-1.32,-1.41
6/8/2009,9256.259766,-1.22,-1.21,-1.22,-1.27,-1.28,-1.32,-1.31,-1.30,-1.31,-1.32
7/8/2009,9370.070313,-1.23,-1.22,-1.21,-1.22,-1.27,-1.28,-1.32,-1.31,-1.30,-1.31
10/8/2009,9337.950195,-1.18,-1.23,-1.22,-1.21,-1.22,-1.27,-1.28,-1.32,-1.31,-1.30
11/8/2009,9241.450195,-1.20,-1.18,-1.23,-1.22,-1.21,-1.22,-1.27,-1.28,-1.32,-1.31
12/8/2009,9361.610352,-1.24,-1.20,-1.18,-1.23,-1.22,-1.21,-1.22,-1.27,-1.28,-1.32
13/8/2009,9398.19043,-1.19,-1.24,-1.20,-1.18,-1.23,-1.22,-1.21,-1.22,-1.27,-1.28
14/8/2009,9321.400391,-1.17,-1.19,-1.24,-1.20,-1.18,-1.23,-1.22,-1.21,-1.22,-1.27
17/8/2009,9135.339844,-1.20,-1.17,-1.19,-1.24,-1.20,-1.18,-1.23,-1.22,-1.21,-1.22
18/8/2009,9217.94043,-1.29,-1.20,-1.17,-1.19,-1.24,-1.20,-1.18,-1.23,-1.22,-1.21
19/8/2009,9279.160156,-1.25,-1.29,-1.20,-1.17,-1.19,-1.24,-1.20,-1.18,-1.23,-1.22
20/8/2009,9350.049805,-1.22,-1.25,-1.29,-1.20,-1.17,-1.19,-1.24,-1.20,-1.18,-1.23
21/8/2009,9505.959961,-1.19,-1.22,-1.25,-1.29,-1.20,-1.17,-1.19,-1.24,-1.20,-1.18
24/8/2009,9509.280273,-1.12,-1.19,-1.22,-1.25,-1.29,-1.20,-1.17,-1.19,-1.24,-1.20
25/8/2009,9539.290039,-1.12,-1.12,-1.19,-1.22,-1.25,-1.29,-1.20,-1.17,-1.19,-1.24
26/8/2009,9543.519531,-1.10,-1.12,-1.12,-1.19,-1.22,-1.25,-1.29,-1.20,-1.17,-1.19
27/8/2009,9580.629883,-1.10,-1.10,-1.12,-1.12,-1.19,-1.22,-1.25,-1.29,-1.20,-1.17
28/8/2009,9544.200195,-1.08,-1.10,-1.10,-1.12,-1.12,-1.19,-1.22,-1.25,-1.29,-1.20
31/8/2009,9496.280273,-1.10,-1.08,-1.10,-1.10,-1.12,-1.12,-1.19,-1.22,-1.25,-1.29
1/9/2009,9310.599609,-1.12,-1.10,-1.08,-1.10,-1.10,-1.12,-1.12,-1.19,-1.22,-1.25
2/9/2009,9280.669922,-1.21,-1.12,-1.10,-1.08,-1.10,-1.10,-1.12,-1.12,-1.19,-1.22
3/9/2009,9344.610352,-1.22,-1.21,-1.12,-1.10,-1.08,-1.10,-1.10,-1.12,-1.12,-1.19
4/9/2009,9441.269531,-1.19,-1.22,-1.21,-1.12,-1.10,-1.08,-1.10,-1.10,-1.12,-1.12
8/9/2009,9497.339844,-1.15,-1.19,-1.22,-1.21,-1.12,-1.10,-1.08,-1.10,-1.10,-1.12
9/9/2009,9547.219727,-1.12,-1.15,-1.19,-1.22,-1.21,-1.12,-1.10,-1.08,-1.10,-1.10
10/9/2009,9627.480469,-1.10,-1.12,-1.15,-1.19,-1.22,-1.21,-1.12,-1.10,-1.08,-1.10
11/9/2009,9605.410156,-1.06,-1.10,-1.12,-1.15,-1.19,-1.22,-1.21,-1.12,-1.10,-1.08
14/9/2009,9626.799805,-1.07,-1.06,-1.10,-1.12,-1.15,-1.19,-1.22,-1.21,-1.12,-1.10
15/9/2009,9683.410156,-1.06,-1.07,-1.06,-1.10,-1.12,-1.15,-1.19,-1.22,-1.21,-1.12
16/9/2009,9791.709961,-1.04,-1.06,-1.07,-1.06,-1.10,-1.12,-1.15,-1.19,-1.22,-1.21
17/9/2009,9783.919922,-0.99,-1.04,-1.06,-1.07,-1.06,-1.10,-1.12,-1.15,-1.19,-1.22
18/9/2009,9820.200195,-0.99,-0.99,-1.04,-1.06,-1.07,-1.06,-1.10,-1.12,-1.15,-1.19
21/9/2009,9778.860352,-0.97,-0.99,-0.99,-1.04,-1.06,-1.07,-1.06,-1.10,-1.12,-1.15
22/9/2009,9829.870117,-0.99,-0.97,-0.99,-0.99,-1.04,-1.06,-1.07,-1.06,-1.10,-1.12
23/9/2009,9748.549805,-0.97,-0.99,-0.97,-0.99,-0.99,-1.04,-1.06,-1.07,-1.06,-1.10
24/9/2009,9707.44043,-1.01,-0.97,-0.99,-0.97,-0.99,-0.99,-1.04,-1.06,-1.07,-1.06
25/9/2009,9665.19043,-1.03,-1.01,-0.97,-0.99,-0.97,-0.99,-0.99,-1.04,-1.06,-1.07
28/9/2009,9789.360352,-1.05,-1.03,-1.01,-0.97,-0.99,-0.97,-0.99,-0.99,-1.04,-1.06
29/9/2009,9742.200195,-0.99,-1.05,-1.03,-1.01,-0.97,-0.99,-0.97,-0.99,-0.99,-1.04
30/9/2009,9712.280273,-1.01,-0.99,-1.05,-1.03,-1.01,-0.97,-0.99,-0.97,-0.99,-0.99
1/10/2009,9509.280273,-1.02,-1.01,-0.99,-1.05,-1.03,-1.01,-0.97,-0.99,-0.97,-0.99
2/10/2009,9487.669922,-1.12,-1.02,-1.01,-0.99,-1.05,-1.03,-1.01,-0.97,-0.99,-0.97
5/10/2009,9599.75,-1.13,-1.12,-1.02,-1.01,-0.99,-1.05,-1.03,-1.01,-0.97,-0.99
6/10/2009,9731.25,-1.08,-1.13,-1.12,-1.02,-1.01,-0.99,-1.05,-1.03,-1.01,-0.97
7/10/2009,9725.580078,-1.01,-1.08,-1.13,-1.12,-1.02,-1.01,-0.99,-1.05,-1.03,-1.01
8/10/2009,9786.870117,-1.02,-1.01,-1.08,-1.13,-1.12,-1.02,-1.01,-0.99,-1.05,-1.03
9/10/2009,9864.94043,-0.99,-1.02,-1.01,-1.08,-1.13,-1.12,-1.02,-1.01,-0.99,-1.05
12/10/2009,9885.799805,-0.95,-0.99,-1.02,-1.01,-1.08,-1.13,-1.12,-1.02,-1.01,-0.99
13/10/2009,9871.05957,-0.94,-0.95,-0.99,-1.02,-1.01,-1.08,-1.13,-1.12,-1.02,-1.01
14/10/2009,10015.86035,-0.95,-0.94,-0.95,-0.99,-1.02,-1.01,-1.08,-1.13,-1.12,-1.02
15/10/2009,10062.94043,-0.88,-0.95,-0.94,-0.95,-0.99,-1.02,-1.01,-1.08,-1.13,-1.12
16/10/2009,9995.910156,-0.86,-0.88,-0.95,-0.94,-0.95,-0.99,-1.02,-1.01,-1.08,-1.13
19/10/2009,10092.19043,-0.89,-0.86,-0.88,-0.95,-0.94,-0.95,-0.99,-1.02,-1.01,-1.08
20/10/2009,10041.48047,-0.85,-0.89,-0.86,-0.88,-0.95,-0.94,-0.95,-0.99,-1.02,-1.01
21/10/2009,9949.360352,-0.87,-0.85,-0.89,-0.86,-0.88,-0.95,-0.94,-0.95,-0.99,-1.02
22/10/2009,10081.30957,-0.91,-0.87,-0.85,-0.89,-0.86,-0.88,-0.95,-0.94,-0.95,-0.99
23/10/2009,9972.179688,-0.85,-0.91,-0.87,-0.85,-0.89,-0.86,-0.88,-0.95,-0.94,-0.95
26/10/2009,9867.959961,-0.90,-0.85,-0.91,-0.87,-0.85,-0.89,-0.86,-0.88,-0.95,-0.94
27/10/2009,9882.169922,-0.95,-0.90,-0.85,-0.91,-0.87,-0.85,-0.89,-0.86,-0.88,-0.95
28/10/2009,9762.69043,-0.94,-0.95,-0.90,-0.85,-0.91,-0.87,-0.85,-0.89,-0.86,-0.88
29/10/2009,9962.580078,-1.00,-0.94,-0.95,-0.90,-0.85,-0.91,-0.87,-0.85,-0.89,-0.86
30/10/2009,9712.730469,-0.91,-1.00,-0.94,-0.95,-0.90,-0.85,-0.91,-0.87,-0.85,-0.89
2/11/2009,9789.44043,-1.02,-0.91,-1.00,-0.94,-0.95,-0.90,-0.85,-0.91,-0.87,-0.85
3/11/2009,9771.910156,-0.99,-1.02,-0.91,-1.00,-0.94,-0.95,-0.90,-0.85,-0.91,-0.87
4/11/2009,9802.139648,-1.00,-0.99,-1.02,-0.91,-1.00,-0.94,-0.95,-0.90,-0.85,-0.91
5/11/2009,10005.95996,-0.98,-1.00,-0.99,-1.02,-0.91,-1.00,-0.94,-0.95,-0.90,-0.85
6/11/2009,10023.41992,-0.89,-0.98,-1.00,-0.99,-1.02,-0.91,-1.00,-0.94,-0.95,-0.90
9/11/2009,10226.94043,-0.88,-0.89,-0.98,-1.00,-0.99,-1.02,-0.91,-1.00,-0.94,-0.95
10/11/2009,10246.96973,-0.79,-0.88,-0.89,-0.98,-1.00,-0.99,-1.02,-0.91,-1.00,-0.94
11/11/2009,10291.25977,-0.78,-0.79,-0.88,-0.89,-0.98,-1.00,-0.99,-1.02,-0.91,-1.00
12/11/2009,10197.46973,-0.76,-0.78,-0.79,-0.88,-0.89,-0.98,-1.00,-0.99,-1.02,-0.91
13/11/2009,10270.46973,-0.80,-0.76,-0.78,-0.79,-0.88,-0.89,-0.98,-1.00,-0.99,-1.02
16/11/2009,10406.95996,-0.76,-0.80,-0.76,-0.78,-0.79,-0.88,-0.89,-0.98,-1.00,-0.99
17/11/2009,10437.41992,-0.70,-0.76,-0.80,-0.76,-0.78,-0.79,-0.88,-0.89,-0.98,-1.00
18/11/2009,10426.30957,-0.69,-0.70,-0.76,-0.80,-0.76,-0.78,-0.79,-0.88,-0.89,-0.98
19/11/2009,10332.44043,-0.69,-0.69,-0.70,-0.76,-0.80,-0.76,-0.78,-0.79,-0.88,-0.89
20/11/2009,10318.16016,-0.74,-0.69,-0.69,-0.70,-0.76,-0.80,-0.76,-0.78,-0.79,-0.88
23/11/2009,10450.9502,-0.74,-0.74,-0.69,-0.69,-0.70,-0.76,-0.80,-0.76,-0.78,-0.79
24/11/2009,10433.70996,-0.68,-0.74,-0.74,-0.69,-0.69,-0.70,-0.76,-0.80,-0.76,-0.78
25/11/2009,10464.40039,-0.69,-0.68,-0.74,-0.74,-0.69,-0.69,-0.70,-0.76,-0.80,-0.76
27/11/2009,10309.91992,-0.68,-0.69,-0.68,-0.74,-0.74,-0.69,-0.69,-0.70,-0.76,-0.80
30/11/2009,10344.83984,-0.75,-0.68,-0.69,-0.68,-0.74,-0.74,-0.69,-0.69,-0.70,-0.76
1/12/2009,10471.58008,-0.73,-0.75,-0.68,-0.69,-0.68,-0.74,-0.74,-0.69,-0.69,-0.70
2/12/2009,10452.67969,-0.67,-0.73,-0.75,-0.68,-0.69,-0.68,-0.74,-0.74,-0.69,-0.69
3/12/2009,10366.15039,-0.68,-0.67,-0.73,-0.75,-0.68,-0.69,-0.68,-0.74,-0.74,-0.69
4/12/2009,10388.90039,-0.72,-0.68,-0.67,-0.73,-0.75,-0.68,-0.69,-0.68,-0.74,-0.74
7/12/2009,10390.11035,-0.71,-0.72,-0.68,-0.67,-0.73,-0.75,-0.68,-0.69,-0.68,-0.74
8/12/2009,10285.96973,-0.71,-0.71,-0.72,-0.68,-0.67,-0.73,-0.75,-0.68,-0.69,-0.68
9/12/2009,10337.04981,-0.76,-0.71,-0.71,-0.72,-0.68,-0.67,-0.73,-0.75,-0.68,-0.69
10/12/2009,10405.83008,-0.73,-0.76,-0.71,-0.71,-0.72,-0.68,-0.67,-0.73,-0.75,-0.68
11/12/2009,10471.5,-0.70,-0.73,-0.76,-0.71,-0.71,-0.72,-0.68,-0.67,-0.73,-0.75
14/12/2009,10501.04981,-0.67,-0.70,-0.73,-0.76,-0.71,-0.71,-0.72,-0.68,-0.67,-0.73
15/12/2009,10452,-0.66,-0.67,-0.70,-0.73,-0.76,-0.71,-0.71,-0.72,-0.68,-0.67
16/12/2009,10441.12012,-0.68,-0.66,-0.67,-0.70,-0.73,-0.76,-0.71,-0.71,-0.72,-0.68
17/12/2009,10308.25977,-0.69,-0.68,-0.66,-0.67,-0.70,-0.73,-0.76,-0.71,-0.71,-0.72
18/12/2009,10328.88965,-0.75,-0.69,-0.68,-0.66,-0.67,-0.70,-0.73,-0.76,-0.71,-0.71
21/12/2009,10414.13965,-0.74,-0.75,-0.69,-0.68,-0.66,-0.67,-0.70,-0.73,-0.76,-0.71
22/12/2009,10464.92969,-0.70,-0.74,-0.75,-0.69,-0.68,-0.66,-0.67,-0.70,-0.73,-0.76
23/12/2009,10466.44043,-0.67,-0.70,-0.74,-0.75,-0.69,-0.68,-0.66,-0.67,-0.70,-0.73
24/12/2009,10520.08984,-0.67,-0.67,-0.70,-0.74,-0.75,-0.69,-0.68,-0.66,-0.67,-0.70
28/12/2009,10547.08008,-0.65,-0.67,-0.67,-0.70,-0.74,-0.75,-0.69,-0.68,-0.66,-0.67
29/12/2009,10545.41016,-0.64,-0.65,-0.67,-0.67,-0.70,-0.74,-0.75,-0.69,-0.68,-0.66
30/12/2009,10548.50977,-0.64,-0.64,-0.65,-0.67,-0.67,-0.70,-0.74,-0.75,-0.69,-0.68
31/12/2009,10428.04981,-0.64,-0.64,-0.64,-0.65,-0.67,-0.67,-0.70,-0.74,-0.75,-0.69
4/1/2010,10583.95996,-0.69,-0.64,-0.64,-0.64,-0.65,-0.67,-0.67,-0.70,-0.74,-0.75
5/1/2010,10572.01953,-0.62,-0.69,-0.64,-0.64,-0.64,-0.65,-0.67,-0.67,-0.70,-0.74
6/1/2010,10573.67969,-0.63,-0.62,-0.69,-0.64,-0.64,-0.64,-0.65,-0.67,-0.67,-0.70
7/1/2010,10606.86035,-0.62,-0.63,-0.62,-0.69,-0.64,-0.64,-0.64,-0.65,-0.67,-0.67
8/1/2010,10618.19043,-0.61,-0.62,-0.63,-0.62,-0.69,-0.64,-0.64,-0.64,-0.65,-0.67
11/1/2010,10663.99023,-0.60,-0.61,-0.62,-0.63,-0.62,-0.69,-0.64,-0.64,-0.64,-0.65
12/1/2010,10627.25977,-0.58,-0.60,-0.61,-0.62,-0.63,-0.62,-0.69,-0.64,-0.64,-0.64
13/1/2010,10680.76953,-0.60,-0.58,-0.60,-0.61,-0.62,-0.63,-0.62,-0.69,-0.64,-0.64
14/1/2010,10710.54981,-0.57,-0.60,-0.58,-0.60,-0.61,-0.62,-0.63,-0.62,-0.69,-0.64
15/1/2010,10609.65039,-0.56,-0.57,-0.60,-0.58,-0.60,-0.61,-0.62,-0.63,-0.62,-0.69
19/1/2010,10725.42969,-0.61,-0.56,-0.57,-0.60,-0.58,-0.60,-0.61,-0.62,-0.63,-0.62
20/1/2010,10603.15039,-0.55,-0.61,-0.56,-0.57,-0.60,-0.58,-0.60,-0.61,-0.62,-0.63
21/1/2010,10389.87988,-0.61,-0.55,-0.61,-0.56,-0.57,-0.60,-0.58,-0.60,-0.61,-0.62
22/1/2010,10172.98047,-0.71,-0.61,-0.55,-0.61,-0.56,-0.57,-0.60,-0.58,-0.60,-0.61
25/1/2010,10196.86035,-0.81,-0.71,-0.61,-0.55,-0.61,-0.56,-0.57,-0.60,-0.58,-0.60
26/1/2010,10194.29004,-0.80,-0.81,-0.71,-0.61,-0.55,-0.61,-0.56,-0.57,-0.60,-0.58
27/1/2010,10236.16016,-0.80,-0.80,-0.81,-0.71,-0.61,-0.55,-0.61,-0.56,-0.57,-0.60
28/1/2010,10120.45996,-0.78,-0.80,-0.80,-0.81,-0.71,-0.61,-0.55,-0.61,-0.56,-0.57
29/1/2010,10067.33008,-0.83,-0.78,-0.80,-0.80,-0.81,-0.71,-0.61,-0.55,-0.61,-0.56
1/2/2010,10185.53027,-0.86,-0.83,-0.78,-0.80,-0.80,-0.81,-0.71,-0.61,-0.55,-0.61
2/2/2010,10296.84961,-0.80,-0.86,-0.83,-0.78,-0.80,-0.80,-0.81,-0.71,-0.61,-0.55
3/2/2010,10270.54981,-0.75,-0.80,-0.86,-0.83,-0.78,-0.80,-0.80,-0.81,-0.71,-0.61
4/2/2010,10002.17969,-0.76,-0.75,-0.80,-0.86,-0.83,-0.78,-0.80,-0.80,-0.81,-0.71
5/2/2010,10012.23047,-0.89,-0.76,-0.75,-0.80,-0.86,-0.83,-0.78,-0.80,-0.80,-0.81
8/2/2010,9908.389648,-0.88,-0.89,-0.76,-0.75,-0.80,-0.86,-0.83,-0.78,-0.80,-0.80
9/2/2010,10058.63965,-0.93,-0.88,-0.89,-0.76,-0.75,-0.80,-0.86,-0.83,-0.78,-0.80
10/2/2010,10038.37988,-0.86,-0.93,-0.88,-0.89,-0.76,-0.75,-0.80,-0.86,-0.83,-0.78
11/2/2010,10144.19043,-0.87,-0.86,-0.93,-0.88,-0.89,-0.76,-0.75,-0.80,-0.86,-0.83
12/2/2010,10099.13965,-0.82,-0.87,-0.86,-0.93,-0.88,-0.89,-0.76,-0.75,-0.80,-0.86
16/2/2010,10268.80957,-0.84,-0.82,-0.87,-0.86,-0.93,-0.88,-0.89,-0.76,-0.75,-0.80
17/2/2010,10309.24023,-0.77,-0.84,-0.82,-0.87,-0.86,-0.93,-0.88,-0.89,-0.76,-0.75
18/2/2010,10392.90039,-0.75,-0.77,-0.84,-0.82,-0.87,-0.86,-0.93,-0.88,-0.89,-0.76
19/2/2010,10402.34961,-0.71,-0.75,-0.77,-0.84,-0.82,-0.87,-0.86,-0.93,-0.88,-0.89
22/2/2010,10383.37988,-0.70,-0.71,-0.75,-0.77,-0.84,-0.82,-0.87,-0.86,-0.93,-0.88
23/2/2010,10282.41016,-0.71,-0.70,-0.71,-0.75,-0.77,-0.84,-0.82,-0.87,-0.86,-0.93
24/2/2010,10374.16016,-0.76,-0.71,-0.70,-0.71,-0.75,-0.77,-0.84,-0.82,-0.87,-0.86
25/2/2010,10321.03027,-0.72,-0.76,-0.71,-0.70,-0.71,-0.75,-0.77,-0.84,-0.82,-0.87
26/2/2010,10325.25977,-0.74,-0.72,-0.76,-0.71,-0.70,-0.71,-0.75,-0.77,-0.84,-0.82
1/3/2010,10403.79004,-0.74,-0.74,-0.72,-0.76,-0.71,-0.70,-0.71,-0.75,-0.77,-0.84
2/3/2010,10405.98047,-0.70,-0.74,-0.74,-0.72,-0.76,-0.71,-0.70,-0.71,-0.75,-0.77
3/3/2010,10396.75977,-0.70,-0.70,-0.74,-0.74,-0.72,-0.76,-0.71,-0.70,-0.71,-0.75
4/3/2010,10444.13965,-0.71,-0.70,-0.70,-0.74,-0.74,-0.72,-0.76,-0.71,-0.70,-0.71
5/3/2010,10566.2002,-0.68,-0.71,-0.70,-0.70,-0.74,-0.74,-0.72,-0.76,-0.71,-0.70
8/3/2010,10552.51953,-0.63,-0.68,-0.71,-0.70,-0.70,-0.74,-0.74,-0.72,-0.76,-0.71
9/3/2010,10564.37988,-0.63,-0.63,-0.68,-0.71,-0.70,-0.70,-0.74,-0.74,-0.72,-0.76
10/3/2010,10567.33008,-0.63,-0.63,-0.63,-0.68,-0.71,-0.70,-0.70,-0.74,-0.74,-0.72
11/3/2010,10611.83984,-0.63,-0.63,-0.63,-0.63,-0.68,-0.71,-0.70,-0.70,-0.74,-0.74
12/3/2010,10624.69043,-0.61,-0.63,-0.63,-0.63,-0.63,-0.68,-0.71,-0.70,-0.70,-0.74
15/3/2010,10642.15039,-0.60,-0.61,-0.63,-0.63,-0.63,-0.63,-0.68,-0.71,-0.70,-0.70
16/3/2010,10685.98047,-0.59,-0.60,-0.61,-0.63,-0.63,-0.63,-0.63,-0.68,-0.71,-0.70
17/3/2010,10733.66992,-0.57,-0.59,-0.60,-0.61,-0.63,-0.63,-0.63,-0.63,-0.68,-0.71
18/3/2010,10779.16992,-0.55,-0.57,-0.59,-0.60,-0.61,-0.63,-0.63,-0.63,-0.63,-0.68
19/3/2010,10741.98047,-0.53,-0.55,-0.57,-0.59,-0.60,-0.61,-0.63,-0.63,-0.63,-0.63
22/3/2010,10785.88965,-0.55,-0.53,-0.55,-0.57,-0.59,-0.60,-0.61,-0.63,-0.63,-0.63
23/3/2010,10888.83008,-0.53,-0.55,-0.53,-0.55,-0.57,-0.59,-0.60,-0.61,-0.63,-0.63
24/3/2010,10836.15039,-0.48,-0.53,-0.55,-0.53,-0.55,-0.57,-0.59,-0.60,-0.61,-0.63
25/3/2010,10841.20996,-0.50,-0.48,-0.53,-0.55,-0.53,-0.55,-0.57,-0.59,-0.60,-0.61
26/3/2010,10850.36035,-0.50,-0.50,-0.48,-0.53,-0.55,-0.53,-0.55,-0.57,-0.59,-0.60
29/3/2010,10895.86035,-0.50,-0.50,-0.50,-0.48,-0.53,-0.55,-0.53,-0.55,-0.57,-0.59
30/3/2010,10907.41992,-0.48,-0.50,-0.50,-0.50,-0.48,-0.53,-0.55,-0.53,-0.55,-0.57
31/3/2010,10856.62988,-0.47,-0.48,-0.50,-0.50,-0.50,-0.48,-0.53,-0.55,-0.53,-0.55
1/4/2010,10927.07031,-0.49,-0.47,-0.48,-0.50,-0.50,-0.50,-0.48,-0.53,-0.55,-0.53
5/4/2010,10973.54981,-0.46,-0.49,-0.47,-0.48,-0.50,-0.50,-0.50,-0.48,-0.53,-0.55
6/4/2010,10969.99023,-0.44,-0.46,-0.49,-0.47,-0.48,-0.50,-0.50,-0.50,-0.48,-0.53
7/4/2010,10897.51953,-0.44,-0.44,-0.46,-0.49,-0.47,-0.48,-0.50,-0.50,-0.50,-0.48
8/4/2010,10927.07031,-0.47,-0.44,-0.44,-0.46,-0.49,-0.47,-0.48,-0.50,-0.50,-0.50
9/4/2010,10997.34961,-0.46,-0.47,-0.44,-0.44,-0.46,-0.49,-0.47,-0.48,-0.50,-0.50
12/4/2010,11005.96973,-0.43,-0.46,-0.47,-0.44,-0.44,-0.46,-0.49,-0.47,-0.48,-0.50
13/4/2010,11019.41992,-0.42,-0.43,-0.46,-0.47,-0.44,-0.44,-0.46,-0.49,-0.47,-0.48
14/4/2010,11123.11035,-0.42,-0.42,-0.43,-0.46,-0.47,-0.44,-0.44,-0.46,-0.49,-0.47
15/4/2010,11144.57031,-0.37,-0.42,-0.42,-0.43,-0.46,-0.47,-0.44,-0.44,-0.46,-0.49
16/4/2010,11018.66016,-0.36,-0.37,-0.42,-0.42,-0.43,-0.46,-0.47,-0.44,-0.44,-0.46
19/4/2010,11092.04981,-0.42,-0.36,-0.37,-0.42,-0.42,-0.43,-0.46,-0.47,-0.44,-0.44
20/4/2010,11117.05957,-0.38,-0.42,-0.36,-0.37,-0.42,-0.42,-0.43,-0.46,-0.47,-0.44
21/4/2010,11124.91992,-0.37,-0.38,-0.42,-0.36,-0.37,-0.42,-0.42,-0.43,-0.46,-0.47
22/4/2010,11134.29004,-0.37,-0.37,-0.38,-0.42,-0.36,-0.37,-0.42,-0.42,-0.43,-0.46
23/4/2010,11204.28027,-0.36,-0.37,-0.37,-0.38,-0.42,-0.36,-0.37,-0.42,-0.42,-0.43
26/4/2010,11205.03027,-0.33,-0.36,-0.37,-0.37,-0.38,-0.42,-0.36,-0.37,-0.42,-0.42
27/4/2010,10991.99023,-0.33,-0.33,-0.36,-0.37,-0.37,-0.38,-0.42,-0.36,-0.37,-0.42
28/4/2010,11045.26953,-0.43,-0.33,-0.33,-0.36,-0.37,-0.37,-0.38,-0.42,-0.36,-0.37
29/4/2010,11167.32031,-0.41,-0.43,-0.33,-0.33,-0.36,-0.37,-0.37,-0.38,-0.42,-0.36
30/4/2010,11008.61035,-0.35,-0.41,-0.43,-0.33,-0.33,-0.36,-0.37,-0.37,-0.38,-0.42
3/5/2010,11151.83008,-0.42,-0.35,-0.41,-0.43,-0.33,-0.33,-0.36,-0.37,-0.37,-0.38
4/5/2010,10926.76953,-0.36,-0.42,-0.35,-0.41,-0.43,-0.33,-0.33,-0.36,-0.37,-0.37
5/5/2010,10866.83008,-0.46,-0.36,-0.42,-0.35,-0.41,-0.43,-0.33,-0.33,-0.36,-0.37
6/5/2010,10520.32031,-0.49,-0.46,-0.36,-0.42,-0.35,-0.41,-0.43,-0.33,-0.33,-0.36
7/5/2010,10380.42969,-0.65,-0.49,-0.46,-0.36,-0.42,-0.35,-0.41,-0.43,-0.33,-0.33
10/5/2010,10785.13965,-0.71,-0.65,-0.49,-0.46,-0.36,-0.42,-0.35,-0.41,-0.43,-0.33
11/5/2010,10748.25977,-0.53,-0.71,-0.65,-0.49,-0.46,-0.36,-0.42,-0.35,-0.41,-0.43
12/5/2010,10896.91016,-0.54,-0.53,-0.71,-0.65,-0.49,-0.46,-0.36,-0.42,-0.35,-0.41
13/5/2010,10782.9502,-0.47,-0.54,-0.53,-0.71,-0.65,-0.49,-0.46,-0.36,-0.42,-0.35
14/5/2010,10620.16016,-0.53,-0.47,-0.54,-0.53,-0.71,-0.65,-0.49,-0.46,-0.36,-0.42
17/5/2010,10625.83008,-0.60,-0.53,-0.47,-0.54,-0.53,-0.71,-0.65,-0.49,-0.46,-0.36
18/5/2010,10510.9502,-0.60,-0.60,-0.53,-0.47,-0.54,-0.53,-0.71,-0.65,-0.49,-0.46
19/5/2010,10444.37012,-0.65,-0.60,-0.60,-0.53,-0.47,-0.54,-0.53,-0.71,-0.65,-0.49
20/5/2010,10068.00977,-0.68,-0.65,-0.60,-0.60,-0.53,-0.47,-0.54,-0.53,-0.71,-0.65
21/5/2010,10193.38965,-0.86,-0.68,-0.65,-0.60,-0.60,-0.53,-0.47,-0.54,-0.53,-0.71
24/5/2010,10066.57031,-0.80,-0.86,-0.68,-0.65,-0.60,-0.60,-0.53,-0.47,-0.54,-0.53
25/5/2010,10043.75,-0.86,-0.80,-0.86,-0.68,-0.65,-0.60,-0.60,-0.53,-0.47,-0.54
26/5/2010,9974.450195,-0.87,-0.86,-0.80,-0.86,-0.68,-0.65,-0.60,-0.60,-0.53,-0.47
27/5/2010,10258.99023,-0.90,-0.87,-0.86,-0.80,-0.86,-0.68,-0.65,-0.60,-0.60,-0.53
28/5/2010,10136.62988,-0.77,-0.90,-0.87,-0.86,-0.80,-0.86,-0.68,-0.65,-0.60,-0.60
1/6/2010,10024.01953,-0.83,-0.77,-0.90,-0.87,-0.86,-0.80,-0.86,-0.68,-0.65,-0.60
2/6/2010,10249.54004,-0.88,-0.83,-0.77,-0.90,-0.87,-0.86,-0.80,-0.86,-0.68,-0.65
3/6/2010,10255.28027,-0.77,-0.88,-0.83,-0.77,-0.90,-0.87,-0.86,-0.80,-0.86,-0.68
4/6/2010,9931.969727,-0.77,-0.77,-0.88,-0.83,-0.77,-0.90,-0.87,-0.86,-0.80,-0.86
7/6/2010,9816.490234,-0.92,-0.77,-0.77,-0.88,-0.83,-0.77,-0.90,-0.87,-0.86,-0.80
8/6/2010,9939.980469,-0.98,-0.92,-0.77,-0.77,-0.88,-0.83,-0.77,-0.90,-0.87,-0.86
9/6/2010,9899.25,-0.92,-0.98,-0.92,-0.77,-0.77,-0.88,-0.83,-0.77,-0.90,-0.87
10/6/2010,10172.53027,-0.94,-0.92,-0.98,-0.92,-0.77,-0.77,-0.88,-0.83,-0.77,-0.90
11/6/2010,10211.07031,-0.81,-0.94,-0.92,-0.98,-0.92,-0.77,-0.77,-0.88,-0.83,-0.77
14/6/2010,10190.88965,-0.79,-0.81,-0.94,-0.92,-0.98,-0.92,-0.77,-0.77,-0.88,-0.83
15/6/2010,10404.76953,-0.80,-0.79,-0.81,-0.94,-0.92,-0.98,-0.92,-0.77,-0.77,-0.88
16/6/2010,10409.45996,-0.70,-0.80,-0.79,-0.81,-0.94,-0.92,-0.98,-0.92,-0.77,-0.77
17/6/2010,10434.16992,-0.70,-0.70,-0.80,-0.79,-0.81,-0.94,-0.92,-0.98,-0.92,-0.77
18/6/2010,10450.63965,-0.69,-0.70,-0.70,-0.80,-0.79,-0.81,-0.94,-0.92,-0.98,-0.92
21/6/2010,10442.41016,-0.68,-0.69,-0.70,-0.70,-0.80,-0.79,-0.81,-0.94,-0.92,-0.98
22/6/2010,10293.51953,-0.69,-0.68,-0.69,-0.70,-0.70,-0.80,-0.79,-0.81,-0.94,-0.92
23/6/2010,10298.44043,-0.75,-0.69,-0.68,-0.69,-0.70,-0.70,-0.80,-0.79,-0.81,-0.94
24/6/2010,10152.79981,-0.75,-0.75,-0.69,-0.68,-0.69,-0.70,-0.70,-0.80,-0.79,-0.81
25/6/2010,10143.80957,-0.82,-0.75,-0.75,-0.69,-0.68,-0.69,-0.70,-0.70,-0.80,-0.79
28/6/2010,10138.51953,-0.82,-0.82,-0.75,-0.75,-0.69,-0.68,-0.69,-0.70,-0.70,-0.80
29/6/2010,9870.299805,-0.83,-0.82,-0.82,-0.75,-0.75,-0.69,-0.68,-0.69,-0.70,-0.70
30/6/2010,9774.019531,-0.95,-0.83,-0.82,-0.82,-0.75,-0.75,-0.69,-0.68,-0.69,-0.70
1/7/2010,9732.530273,-0.99,-0.95,-0.83,-0.82,-0.82,-0.75,-0.75,-0.69,-0.68,-0.69
2/7/2010,9686.480469,-1.01,-0.99,-0.95,-0.83,-0.82,-0.82,-0.75,-0.75,-0.69,-0.68
6/7/2010,9743.620117,-1.04,-1.01,-0.99,-0.95,-0.83,-0.82,-0.82,-0.75,-0.75,-0.69
7/7/2010,10018.28027,-1.01,-1.04,-1.01,-0.99,-0.95,-0.83,-0.82,-0.82,-0.75,-0.75
8/7/2010,10138.99023,-0.88,-1.01,-1.04,-1.01,-0.99,-0.95,-0.83,-0.82,-0.82,-0.75
9/7/2010,10198.03027,-0.83,-0.88,-1.01,-1.04,-1.01,-0.99,-0.95,-0.83,-0.82,-0.82
12/7/2010,10216.26953,-0.80,-0.83,-0.88,-1.01,-1.04,-1.01,-0.99,-0.95,-0.83,-0.82
13/7/2010,10363.01953,-0.79,-0.80,-0.83,-0.88,-1.01,-1.04,-1.01,-0.99,-0.95,-0.83
14/7/2010,10366.71973,-0.72,-0.79,-0.80,-0.83,-0.88,-1.01,-1.04,-1.01,-0.99,-0.95
15/7/2010,10359.30957,-0.72,-0.72,-0.79,-0.80,-0.83,-0.88,-1.01,-1.04,-1.01,-0.99
16/7/2010,10097.90039,-0.72,-0.72,-0.72,-0.79,-0.80,-0.83,-0.88,-1.01,-1.04,-1.01
19/7/2010,10154.42969,-0.84,-0.72,-0.72,-0.72,-0.79,-0.80,-0.83,-0.88,-1.01,-1.04
20/7/2010,10229.95996,-0.82,-0.84,-0.72,-0.72,-0.72,-0.79,-0.80,-0.83,-0.88,-1.01
21/7/2010,10120.53027,-0.78,-0.82,-0.84,-0.72,-0.72,-0.72,-0.79,-0.80,-0.83,-0.88
22/7/2010,10322.29981,-0.83,-0.78,-0.82,-0.84,-0.72,-0.72,-0.72,-0.79,-0.80,-0.83
23/7/2010,10424.62012,-0.74,-0.83,-0.78,-0.82,-0.84,-0.72,-0.72,-0.72,-0.79,-0.80
26/7/2010,10525.42969,-0.69,-0.74,-0.83,-0.78,-0.82,-0.84,-0.72,-0.72,-0.72,-0.79
27/7/2010,10537.69043,-0.65,-0.69,-0.74,-0.83,-0.78,-0.82,-0.84,-0.72,-0.72,-0.72
28/7/2010,10497.87988,-0.64,-0.65,-0.69,-0.74,-0.83,-0.78,-0.82,-0.84,-0.72,-0.72
29/7/2010,10467.16016,-0.66,-0.64,-0.65,-0.69,-0.74,-0.83,-0.78,-0.82,-0.84,-0.72
30/7/2010,10465.94043,-0.67,-0.66,-0.64,-0.65,-0.69,-0.74,-0.83,-0.78,-0.82,-0.84
2/8/2010,10674.37988,-0.67,-0.67,-0.66,-0.64,-0.65,-0.69,-0.74,-0.83,-0.78,-0.82
3/8/2010,10636.37988,-0.58,-0.67,-0.67,-0.66,-0.64,-0.65,-0.69,-0.74,-0.83,-0.78
4/8/2010,10680.42969,-0.60,-0.58,-0.67,-0.67,-0.66,-0.64,-0.65,-0.69,-0.74,-0.83
5/8/2010,10674.98047,-0.57,-0.60,-0.58,-0.67,-0.67,-0.66,-0.64,-0.65,-0.69,-0.74
6/8/2010,10653.55957,-0.58,-0.57,-0.60,-0.58,-0.67,-0.67,-0.66,-0.64,-0.65,-0.69
9/8/2010,10698.75,-0.59,-0.58,-0.57,-0.60,-0.58,-0.67,-0.67,-0.66,-0.64,-0.65
10/8/2010,10644.25,-0.57,-0.59,-0.58,-0.57,-0.60,-0.58,-0.67,-0.67,-0.66,-0.64
11/8/2010,10378.83008,-0.59,-0.57,-0.59,-0.58,-0.57,-0.60,-0.58,-0.67,-0.67,-0.66
12/8/2010,10319.9502,-0.71,-0.59,-0.57,-0.59,-0.58,-0.57,-0.60,-0.58,-0.67,-0.67
13/8/2010,10303.15039,-0.74,-0.71,-0.59,-0.57,-0.59,-0.58,-0.57,-0.60,-0.58,-0.67
16/8/2010,10302.00977,-0.75,-0.74,-0.71,-0.59,-0.57,-0.59,-0.58,-0.57,-0.60,-0.58
17/8/2010,10405.84961,-0.75,-0.75,-0.74,-0.71,-0.59,-0.57,-0.59,-0.58,-0.57,-0.60
18/8/2010,10415.54004,-0.70,-0.75,-0.75,-0.74,-0.71,-0.59,-0.57,-0.59,-0.58,-0.57
19/8/2010,10271.20996,-0.70,-0.70,-0.75,-0.75,-0.74,-0.71,-0.59,-0.57,-0.59,-0.58
20/8/2010,10213.62012,-0.76,-0.70,-0.70,-0.75,-0.75,-0.74,-0.71,-0.59,-0.57,-0.59
23/8/2010,10174.41016,-0.79,-0.76,-0.70,-0.70,-0.75,-0.75,-0.74,-0.71,-0.59,-0.57
24/8/2010,10040.4502,-0.81,-0.79,-0.76,-0.70,-0.70,-0.75,-0.75,-0.74,-0.71,-0.59
25/8/2010,10060.05957,-0.87,-0.81,-0.79,-0.76,-0.70,-0.70,-0.75,-0.75,-0.74,-0.71
26/8/2010,9985.80957,-0.86,-0.87,-0.81,-0.79,-0.76,-0.70,-0.70,-0.75,-0.75,-0.74
27/8/2010,10150.65039,-0.90,-0.86,-0.87,-0.81,-0.79,-0.76,-0.70,-0.70,-0.75,-0.75
30/8/2010,10009.73047,-0.82,-0.90,-0.86,-0.87,-0.81,-0.79,-0.76,-0.70,-0.70,-0.75
31/8/2010,10014.71973,-0.89,-0.82,-0.90,-0.86,-0.87,-0.81,-0.79,-0.76,-0.70,-0.70
1/9/2010,10269.46973,-0.88,-0.89,-0.82,-0.90,-0.86,-0.87,-0.81,-0.79,-0.76,-0.70
2/9/2010,10320.09961,-0.77,-0.88,-0.89,-0.82,-0.90,-0.86,-0.87,-0.81,-0.79,-0.76
3/9/2010,10447.92969,-0.74,-0.77,-0.88,-0.89,-0.82,-0.90,-0.86,-0.87,-0.81,-0.79
7/9/2010,10340.69043,-0.68,-0.74,-0.77,-0.88,-0.89,-0.82,-0.90,-0.86,-0.87,-0.81
8/9/2010,10387.00977,-0.73,-0.68,-0.74,-0.77,-0.88,-0.89,-0.82,-0.90,-0.86,-0.87
9/9/2010,10415.24023,-0.71,-0.73,-0.68,-0.74,-0.77,-0.88,-0.89,-0.82,-0.90,-0.86
10/9/2010,10462.76953,-0.70,-0.71,-0.73,-0.68,-0.74,-0.77,-0.88,-0.89,-0.82,-0.90
13/9/2010,10544.12988,-0.68,-0.70,-0.71,-0.73,-0.68,-0.74,-0.77,-0.88,-0.89,-0.82
14/9/2010,10526.49023,-0.64,-0.68,-0.70,-0.71,-0.73,-0.68,-0.74,-0.77,-0.88,-0.89
15/9/2010,10572.73047,-0.65,-0.64,-0.68,-0.70,-0.71,-0.73,-0.68,-0.74,-0.77,-0.88
16/9/2010,10594.83008,-0.62,-0.65,-0.64,-0.68,-0.70,-0.71,-0.73,-0.68,-0.74,-0.77
17/9/2010,10607.84961,-0.61,-0.62,-0.65,-0.64,-0.68,-0.70,-0.71,-0.73,-0.68,-0.74
20/9/2010,10753.62012,-0.61,-0.61,-0.62,-0.65,-0.64,-0.68,-0.70,-0.71,-0.73,-0.68
21/9/2010,10761.03027,-0.54,-0.61,-0.61,-0.62,-0.65,-0.64,-0.68,-0.70,-0.71,-0.73
22/9/2010,10739.30957,-0.54,-0.54,-0.61,-0.61,-0.62,-0.65,-0.64,-0.68,-0.70,-0.71
23/9/2010,10662.41992,-0.55,-0.54,-0.54,-0.61,-0.61,-0.62,-0.65,-0.64,-0.68,-0.70
24/9/2010,10860.25977,-0.58,-0.55,-0.54,-0.54,-0.61,-0.61,-0.62,-0.65,-0.64,-0.68
27/9/2010,10812.04004,-0.49,-0.58,-0.55,-0.54,-0.54,-0.61,-0.61,-0.62,-0.65,-0.64
28/9/2010,10858.13965,-0.51,-0.49,-0.58,-0.55,-0.54,-0.54,-0.61,-0.61,-0.62,-0.65
29/9/2010,10835.28027,-0.49,-0.51,-0.49,-0.58,-0.55,-0.54,-0.54,-0.61,-0.61,-0.62
30/9/2010,10788.04981,-0.50,-0.49,-0.51,-0.49,-0.58,-0.55,-0.54,-0.54,-0.61,-0.61
1/10/2010,10829.67969,-0.53,-0.50,-0.49,-0.51,-0.49,-0.58,-0.55,-0.54,-0.54,-0.61
4/10/2010,10751.26953,-0.51,-0.53,-0.50,-0.49,-0.51,-0.49,-0.58,-0.55,-0.54,-0.54
5/10/2010,10944.71973,-0.54,-0.51,-0.53,-0.50,-0.49,-0.51,-0.49,-0.58,-0.55,-0.54
6/10/2010,10967.65039,-0.45,-0.54,-0.51,-0.53,-0.50,-0.49,-0.51,-0.49,-0.58,-0.55
7/10/2010,10948.58008,-0.44,-0.45,-0.54,-0.51,-0.53,-0.50,-0.49,-0.51,-0.49,-0.58
8/10/2010,11006.48047,-0.45,-0.44,-0.45,-0.54,-0.51,-0.53,-0.50,-0.49,-0.51,-0.49
11/10/2010,11010.33984,-0.42,-0.45,-0.44,-0.45,-0.54,-0.51,-0.53,-0.50,-0.49,-0.51
12/10/2010,11020.40039,-0.42,-0.42,-0.45,-0.44,-0.45,-0.54,-0.51,-0.53,-0.50,-0.49
13/10/2010,11096.08008,-0.42,-0.42,-0.42,-0.45,-0.44,-0.45,-0.54,-0.51,-0.53,-0.50
14/10/2010,11094.57031,-0.38,-0.42,-0.42,-0.42,-0.45,-0.44,-0.45,-0.54,-0.51,-0.53
15/10/2010,11062.78027,-0.38,-0.38,-0.42,-0.42,-0.42,-0.45,-0.44,-0.45,-0.54,-0.51
18/10/2010,11143.69043,-0.40,-0.38,-0.38,-0.42,-0.42,-0.42,-0.45,-0.44,-0.45,-0.54
19/10/2010,10978.62012,-0.36,-0.40,-0.38,-0.38,-0.42,-0.42,-0.42,-0.45,-0.44,-0.45
20/10/2010,11107.96973,-0.44,-0.36,-0.40,-0.38,-0.38,-0.42,-0.42,-0.42,-0.45,-0.44
21/10/2010,11146.57031,-0.38,-0.44,-0.36,-0.40,-0.38,-0.38,-0.42,-0.42,-0.42,-0.45
22/10/2010,11132.55957,-0.36,-0.38,-0.44,-0.36,-0.40,-0.38,-0.38,-0.42,-0.42,-0.42
25/10/2010,11164.04981,-0.37,-0.36,-0.38,-0.44,-0.36,-0.40,-0.38,-0.38,-0.42,-0.42
26/10/2010,11169.45996,-0.35,-0.37,-0.36,-0.38,-0.44,-0.36,-0.40,-0.38,-0.38,-0.42
27/10/2010,11126.28027,-0.35,-0.35,-0.37,-0.36,-0.38,-0.44,-0.36,-0.40,-0.38,-0.38
28/10/2010,11113.9502,-0.37,-0.35,-0.35,-0.37,-0.36,-0.38,-0.44,-0.36,-0.40,-0.38
29/10/2010,11118.49023,-0.37,-0.37,-0.35,-0.35,-0.37,-0.36,-0.38,-0.44,-0.36,-0.40
1/11/2010,11124.62012,-0.37,-0.37,-0.37,-0.35,-0.35,-0.37,-0.36,-0.38,-0.44,-0.36
2/11/2010,11188.71973,-0.37,-0.37,-0.37,-0.37,-0.35,-0.35,-0.37,-0.36,-0.38,-0.44
3/11/2010,11215.12988,-0.34,-0.37,-0.37,-0.37,-0.37,-0.35,-0.35,-0.37,-0.36,-0.38
4/11/2010,11434.83984,-0.33,-0.34,-0.37,-0.37,-0.37,-0.37,-0.35,-0.35,-0.37,-0.36
5/11/2010,11444.08008,-0.23,-0.33,-0.34,-0.37,-0.37,-0.37,-0.37,-0.35,-0.35,-0.37
8/11/2010,11406.83984,-0.22,-0.23,-0.33,-0.34,-0.37,-0.37,-0.37,-0.37,-0.35,-0.35
9/11/2010,11346.75,-0.24,-0.22,-0.23,-0.33,-0.34,-0.37,-0.37,-0.37,-0.37,-0.35
10/11/2010,11357.04004,-0.27,-0.24,-0.22,-0.23,-0.33,-0.34,-0.37,-0.37,-0.37,-0.37
11/11/2010,11283.09961,-0.26,-0.27,-0.24,-0.22,-0.23,-0.33,-0.34,-0.37,-0.37,-0.37
12/11/2010,11192.58008,-0.30,-0.26,-0.27,-0.24,-0.22,-0.23,-0.33,-0.34,-0.37,-0.37
15/11/2010,11201.96973,-0.34,-0.30,-0.26,-0.27,-0.24,-0.22,-0.23,-0.33,-0.34,-0.37
16/11/2010,11023.5,-0.33,-0.34,-0.30,-0.26,-0.27,-0.24,-0.22,-0.23,-0.33,-0.34
17/11/2010,11007.87988,-0.42,-0.33,-0.34,-0.30,-0.26,-0.27,-0.24,-0.22,-0.23,-0.33
18/11/2010,11181.23047,-0.42,-0.42,-0.33,-0.34,-0.30,-0.26,-0.27,-0.24,-0.22,-0.23
19/11/2010,11203.54981,-0.34,-0.42,-0.42,-0.33,-0.34,-0.30,-0.26,-0.27,-0.24,-0.22
22/11/2010,11178.58008,-0.33,-0.34,-0.42,-0.42,-0.33,-0.34,-0.30,-0.26,-0.27,-0.24
23/11/2010,11036.37012,-0.34,-0.33,-0.34,-0.42,-0.42,-0.33,-0.34,-0.30,-0.26,-0.27
24/11/2010,11187.28027,-0.41,-0.34,-0.33,-0.34,-0.42,-0.42,-0.33,-0.34,-0.30,-0.26
26/11/2010,11091.87012,-0.34,-0.41,-0.34,-0.33,-0.34,-0.42,-0.42,-0.33,-0.34,-0.30
29/11/2010,11052.49023,-0.38,-0.34,-0.41,-0.34,-0.33,-0.34,-0.42,-0.42,-0.33,-0.34
30/11/2010,11006.01953,-0.40,-0.38,-0.34,-0.41,-0.34,-0.33,-0.34,-0.42,-0.42,-0.33
1/12/2010,11255.78027,-0.42,-0.40,-0.38,-0.34,-0.41,-0.34,-0.33,-0.34,-0.42,-0.42
2/12/2010,11362.41016,-0.31,-0.42,-0.40,-0.38,-0.34,-0.41,-0.34,-0.33,-0.34,-0.42
3/12/2010,11382.08984,-0.26,-0.31,-0.42,-0.40,-0.38,-0.34,-0.41,-0.34,-0.33,-0.34
6/12/2010,11362.19043,-0.25,-0.26,-0.31,-0.42,-0.40,-0.38,-0.34,-0.41,-0.34,-0.33
7/12/2010,11359.16016,-0.26,-0.25,-0.26,-0.31,-0.42,-0.40,-0.38,-0.34,-0.41,-0.34
8/12/2010,11372.48047,-0.26,-0.26,-0.25,-0.26,-0.31,-0.42,-0.40,-0.38,-0.34,-0.41
9/12/2010,11370.05957,-0.25,-0.26,-0.26,-0.25,-0.26,-0.31,-0.42,-0.40,-0.38,-0.34
10/12/2010,11410.32031,-0.26,-0.25,-0.26,-0.26,-0.25,-0.26,-0.31,-0.42,-0.40,-0.38
13/12/2010,11428.55957,-0.24,-0.26,-0.25,-0.26,-0.26,-0.25,-0.26,-0.31,-0.42,-0.40
14/12/2010,11476.54004,-0.23,-0.24,-0.26,-0.25,-0.26,-0.26,-0.25,-0.26,-0.31,-0.42
15/12/2010,11457.46973,-0.21,-0.23,-0.24,-0.26,-0.25,-0.26,-0.26,-0.25,-0.26,-0.31
16/12/2010,11499.25,-0.22,-0.21,-0.23,-0.24,-0.26,-0.25,-0.26,-0.26,-0.25,-0.26
17/12/2010,11491.91016,-0.20,-0.22,-0.21,-0.23,-0.24,-0.26,-0.25,-0.26,-0.26,-0.25
20/12/2010,11478.12988,-0.20,-0.20,-0.22,-0.21,-0.23,-0.24,-0.26,-0.25,-0.26,-0.26
21/12/2010,11533.16016,-0.21,-0.20,-0.20,-0.22,-0.21,-0.23,-0.24,-0.26,-0.25,-0.26
22/12/2010,11559.49023,-0.18,-0.21,-0.20,-0.20,-0.22,-0.21,-0.23,-0.24,-0.26,-0.25
23/12/2010,11573.49023,-0.17,-0.18,-0.21,-0.20,-0.20,-0.22,-0.21,-0.23,-0.24,-0.26
27/12/2010,11555.03027,-0.16,-0.17,-0.18,-0.21,-0.20,-0.20,-0.22,-0.21,-0.23,-0.24
28/12/2010,11575.54004,-0.17,-0.16,-0.17,-0.18,-0.21,-0.20,-0.20,-0.22,-0.21,-0.23
29/12/2010,11585.37988,-0.16,-0.17,-0.16,-0.17,-0.18,-0.21,-0.20,-0.20,-0.22,-0.21
30/12/2010,11569.70996,-0.16,-0.16,-0.17,-0.16,-0.17,-0.18,-0.21,-0.20,-0.20,-0.22
31/12/2010,11577.50977,-0.16,-0.16,-0.16,-0.17,-0.16,-0.17,-0.18,-0.21,-0.20,-0.20
3/1/2011,11670.75,-0.16,-0.16,-0.16,-0.16,-0.17,-0.16,-0.17,-0.18,-0.21,-0.20
4/1/2011,11691.17969,-0.12,-0.16,-0.16,-0.16,-0.16,-0.17,-0.16,-0.17,-0.18,-0.21
5/1/2011,11722.88965,-0.11,-0.12,-0.16,-0.16,-0.16,-0.16,-0.17,-0.16,-0.17,-0.18
6/1/2011,11697.30957,-0.09,-0.11,-0.12,-0.16,-0.16,-0.16,-0.16,-0.17,-0.16,-0.17
7/1/2011,11674.75977,-0.10,-0.09,-0.11,-0.12,-0.16,-0.16,-0.16,-0.16,-0.17,-0.16
10/1/2011,11637.4502,-0.11,-0.10,-0.09,-0.11,-0.12,-0.16,-0.16,-0.16,-0.16,-0.17
11/1/2011,11671.87988,-0.13,-0.11,-0.10,-0.09,-0.11,-0.12,-0.16,-0.16,-0.16,-0.16
12/1/2011,11755.44043,-0.12,-0.13,-0.11,-0.10,-0.09,-0.11,-0.12,-0.16,-0.16,-0.16
13/1/2011,11731.90039,-0.08,-0.12,-0.13,-0.11,-0.10,-0.09,-0.11,-0.12,-0.16,-0.16
14/1/2011,11787.37988,-0.09,-0.08,-0.12,-0.13,-0.11,-0.10,-0.09,-0.11,-0.12,-0.16
18/1/2011,11837.92969,-0.06,-0.09,-0.08,-0.12,-0.13,-0.11,-0.10,-0.09,-0.11,-0.12
19/1/2011,11825.29004,-0.04,-0.06,-0.09,-0.08,-0.12,-0.13,-0.11,-0.10,-0.09,-0.11
20/1/2011,11822.79981,-0.04,-0.04,-0.06,-0.09,-0.08,-0.12,-0.13,-0.11,-0.10,-0.09
21/1/2011,11871.83984,-0.05,-0.04,-0.04,-0.06,-0.09,-0.08,-0.12,-0.13,-0.11,-0.10
24/1/2011,11980.51953,-0.02,-0.05,-0.04,-0.04,-0.06,-0.09,-0.08,-0.12,-0.13,-0.11
25/1/2011,11977.19043,0.03,-0.02,-0.05,-0.04,-0.04,-0.06,-0.09,-0.08,-0.12,-0.13
26/1/2011,11985.44043,0.03,0.03,-0.02,-0.05,-0.04,-0.04,-0.06,-0.09,-0.08,-0.12
27/1/2011,11989.83008,0.03,0.03,0.03,-0.02,-0.05,-0.04,-0.04,-0.06,-0.09,-0.08
28/1/2011,11823.7002,0.03,0.03,0.03,0.03,-0.02,-0.05,-0.04,-0.04,-0.06,-0.09
31/1/2011,11891.92969,-0.05,0.03,0.03,0.03,0.03,-0.02,-0.05,-0.04,-0.04,-0.06
1/2/2011,12040.16016,-0.01,-0.05,0.03,0.03,0.03,0.03,-0.02,-0.05,-0.04,-0.04
2/2/2011,12041.96973,0.05,-0.01,-0.05,0.03,0.03,0.03,0.03,-0.02,-0.05,-0.04
3/2/2011,12062.25977,0.06,0.05,-0.01,-0.05,0.03,0.03,0.03,0.03,-0.02,-0.05
4/2/2011,12092.15039,0.07,0.06,0.05,-0.01,-0.05,0.03,0.03,0.03,0.03,-0.02
7/2/2011,12161.62988,0.08,0.07,0.06,0.05,-0.01,-0.05,0.03,0.03,0.03,0.03
8/2/2011,12233.15039,0.11,0.08,0.07,0.06,0.05,-0.01,-0.05,0.03,0.03,0.03
9/2/2011,12239.88965,0.14,0.11,0.08,0.07,0.06,0.05,-0.01,-0.05,0.03,0.03
10/2/2011,12229.29004,0.15,0.14,0.11,0.08,0.07,0.06,0.05,-0.01,-0.05,0.03
11/2/2011,12273.25977,0.14,0.15,0.14,0.11,0.08,0.07,0.06,0.05,-0.01,-0.05
14/2/2011,12268.19043,0.16,0.14,0.15,0.14,0.11,0.08,0.07,0.06,0.05,-0.01
15/2/2011,12226.63965,0.16,0.16,0.14,0.15,0.14,0.11,0.08,0.07,0.06,0.05
16/2/2011,12288.16992,0.14,0.16,0.16,0.14,0.15,0.14,0.11,0.08,0.07,0.06
17/2/2011,12318.13965,0.17,0.14,0.16,0.16,0.14,0.15,0.14,0.11,0.08,0.07
18/2/2011,12391.25,0.18,0.17,0.14,0.16,0.16,0.14,0.15,0.14,0.11,0.08
22/2/2011,12212.79004,0.22,0.18,0.17,0.14,0.16,0.16,0.14,0.15,0.14,0.11
23/2/2011,12105.78027,0.13,0.22,0.18,0.17,0.14,0.16,0.16,0.14,0.15,0.14
24/2/2011,12068.5,0.09,0.13,0.22,0.18,0.17,0.14,0.16,0.16,0.14,0.15
25/2/2011,12130.4502,0.07,0.09,0.13,0.22,0.18,0.17,0.14,0.16,0.16,0.14
28/2/2011,12226.33984,0.10,0.07,0.09,0.13,0.22,0.18,0.17,0.14,0.16,0.16
1/3/2011,12058.01953,0.14,0.10,0.07,0.09,0.13,0.22,0.18,0.17,0.14,0.16
2/3/2011,12066.79981,0.06,0.14,0.10,0.07,0.09,0.13,0.22,0.18,0.17,0.14
3/3/2011,12258.2002,0.07,0.06,0.14,0.10,0.07,0.09,0.13,0.22,0.18,0.17
4/3/2011,12169.87988,0.16,0.07,0.06,0.14,0.10,0.07,0.09,0.13,0.22,0.18
7/3/2011,12090.03027,0.11,0.16,0.07,0.06,0.14,0.10,0.07,0.09,0.13,0.22
8/3/2011,12214.37988,0.08,0.11,0.16,0.07,0.06,0.14,0.10,0.07,0.09,0.13
9/3/2011,12213.08984,0.14,0.08,0.11,0.16,0.07,0.06,0.14,0.10,0.07,0.09
10/3/2011,11984.61035,0.13,0.14,0.08,0.11,0.16,0.07,0.06,0.14,0.10,0.07
11/3/2011,12044.40039,0.03,0.13,0.14,0.08,0.11,0.16,0.07,0.06,0.14,0.10
14/3/2011,11993.16016,0.06,0.03,0.13,0.14,0.08,0.11,0.16,0.07,0.06,0.14
15/3/2011,11855.41992,0.03,0.06,0.03,0.13,0.14,0.08,0.11,0.16,0.07,0.06
16/3/2011,11613.29981,-0.03,0.03,0.06,0.03,0.13,0.14,0.08,0.11,0.16,0.07
17/3/2011,11774.58984,-0.14,-0.03,0.03,0.06,0.03,0.13,0.14,0.08,0.11,0.16
18/3/2011,11858.51953,-0.07,-0.14,-0.03,0.03,0.06,0.03,0.13,0.14,0.08,0.11
21/3/2011,12036.53027,-0.03,-0.07,-0.14,-0.03,0.03,0.06,0.03,0.13,0.14,0.08
22/3/2011,12018.62988,0.05,-0.03,-0.07,-0.14,-0.03,0.03,0.06,0.03,0.13,0.14
23/3/2011,12086.01953,0.04,0.05,-0.03,-0.07,-0.14,-0.03,0.03,0.06,0.03,0.13
24/3/2011,12170.55957,0.08,0.04,0.05,-0.03,-0.07,-0.14,-0.03,0.03,0.06,0.03
25/3/2011,12220.58984,0.12,0.08,0.04,0.05,-0.03,-0.07,-0.14,-0.03,0.03,0.06
28/3/2011,12197.87988,0.14,0.12,0.08,0.04,0.05,-0.03,-0.07,-0.14,-0.03,0.03
29/3/2011,12279.00977,0.13,0.14,0.12,0.08,0.04,0.05,-0.03,-0.07,-0.14,-0.03
30/3/2011,12350.61035,0.17,0.13,0.14,0.12,0.08,0.04,0.05,-0.03,-0.07,-0.14
31/3/2011,12319.73047,0.20,0.17,0.13,0.14,0.12,0.08,0.04,0.05,-0.03,-0.07
1/4/2011,12376.71973,0.18,0.20,0.17,0.13,0.14,0.12,0.08,0.04,0.05,-0.03
4/4/2011,12400.03027,0.21,0.18,0.20,0.17,0.13,0.14,0.12,0.08,0.04,0.05
5/4/2011,12393.90039,0.22,0.21,0.18,0.20,0.17,0.13,0.14,0.12,0.08,0.04
6/4/2011,12426.75,0.22,0.22,0.21,0.18,0.20,0.17,0.13,0.14,0.12,0.08
7/4/2011,12409.49023,0.23,0.22,0.22,0.21,0.18,0.20,0.17,0.13,0.14,0.12
8/4/2011,12380.04981,0.23,0.23,0.22,0.22,0.21,0.18,0.20,0.17,0.13,0.14
11/4/2011,12381.11035,0.21,0.23,0.23,0.22,0.22,0.21,0.18,0.20,0.17,0.13
12/4/2011,12263.58008,0.21,0.21,0.23,0.23,0.22,0.22,0.21,0.18,0.20,0.17
13/4/2011,12270.99023,0.16,0.21,0.21,0.23,0.23,0.22,0.22,0.21,0.18,0.20
14/4/2011,12285.15039,0.16,0.16,0.21,0.21,0.23,0.23,0.22,0.22,0.21,0.18
15/4/2011,12341.83008,0.17,0.16,0.16,0.21,0.21,0.23,0.23,0.22,0.22,0.21
18/4/2011,12201.58984,0.19,0.17,0.16,0.16,0.21,0.21,0.23,0.23,0.22,0.22
19/4/2011,12266.75,0.13,0.19,0.17,0.16,0.16,0.21,0.21,0.23,0.23,0.22
20/4/2011,12453.54004,0.16,0.13,0.19,0.17,0.16,0.16,0.21,0.21,0.23,0.23
21/4/2011,12505.99023,0.25,0.16,0.13,0.19,0.17,0.16,0.16,0.21,0.21,0.23
25/4/2011,12479.87988,0.27,0.25,0.16,0.13,0.19,0.17,0.16,0.16,0.21,0.21
26/4/2011,12595.37012,0.26,0.27,0.25,0.16,0.13,0.19,0.17,0.16,0.16,0.21
27/4/2011,12690.95996,0.31,0.26,0.27,0.25,0.16,0.13,0.19,0.17,0.16,0.16
28/4/2011,12763.30957,0.36,0.31,0.26,0.27,0.25,0.16,0.13,0.19,0.17,0.16
29/4/2011,12810.54004,0.39,0.36,0.31,0.26,0.27,0.25,0.16,0.13,0.19,0.17
2/5/2011,12807.36035,0.41,0.39,0.36,0.31,0.26,0.27,0.25,0.16,0.13,0.19
3/5/2011,12807.50977,0.41,0.41,0.39,0.36,0.31,0.26,0.27,0.25,0.16,0.13
4/5/2011,12723.58008,0.41,0.41,0.41,0.39,0.36,0.31,0.26,0.27,0.25,0.16
5/5/2011,12584.16992,0.37,0.41,0.41,0.41,0.39,0.36,0.31,0.26,0.27,0.25
6/5/2011,12638.74023,0.31,0.37,0.41,0.41,0.41,0.39,0.36,0.31,0.26,0.27
9/5/2011,12684.67969,0.33,0.31,0.37,0.41,0.41,0.41,0.39,0.36,0.31,0.26
10/5/2011,12760.36035,0.35,0.33,0.31,0.37,0.41,0.41,0.41,0.39,0.36,0.31
11/5/2011,12630.03027,0.39,0.35,0.33,0.31,0.37,0.41,0.41,0.41,0.39,0.36
12/5/2011,12695.91992,0.33,0.39,0.35,0.33,0.31,0.37,0.41,0.41,0.41,0.39
13/5/2011,12595.75,0.36,0.33,0.39,0.35,0.33,0.31,0.37,0.41,0.41,0.41
16/5/2011,12548.37012,0.31,0.36,0.33,0.39,0.35,0.33,0.31,0.37,0.41,0.41
17/5/2011,12479.58008,0.29,0.31,0.36,0.33,0.39,0.35,0.33,0.31,0.37,0.41
18/5/2011,12560.17969,0.26,0.29,0.31,0.36,0.33,0.39,0.35,0.33,0.31,0.37
19/5/2011,12605.32031,0.30,0.26,0.29,0.31,0.36,0.33,0.39,0.35,0.33,0.31
20/5/2011,12512.04004,0.32,0.30,0.26,0.29,0.31,0.36,0.33,0.39,0.35,0.33
23/5/2011,12381.25977,0.27,0.32,0.30,0.26,0.29,0.31,0.36,0.33,0.39,0.35
24/5/2011,12356.20996,0.21,0.27,0.32,0.30,0.26,0.29,0.31,0.36,0.33,0.39
25/5/2011,12394.66016,0.20,0.21,0.27,0.32,0.30,0.26,0.29,0.31,0.36,0.33
26/5/2011,12402.75977,0.22,0.20,0.21,0.27,0.32,0.30,0.26,0.29,0.31,0.36
27/5/2011,12441.58008,0.22,0.22,0.20,0.21,0.27,0.32,0.30,0.26,0.29,0.31
31/5/2011,12569.79004,0.24,0.22,0.22,0.20,0.21,0.27,0.32,0.30,0.26,0.29
1/6/2011,12290.13965,0.30,0.24,0.22,0.22,0.20,0.21,0.27,0.32,0.30,0.26
2/6/2011,12248.54981,0.17,0.30,0.24,0.22,0.22,0.20,0.21,0.27,0.32,0.30
3/6/2011,12151.25977,0.15,0.17,0.30,0.24,0.22,0.22,0.20,0.21,0.27,0.32
6/6/2011,12089.95996,0.11,0.15,0.17,0.30,0.24,0.22,0.22,0.20,0.21,0.27
7/6/2011,12070.80957,0.08,0.11,0.15,0.17,0.30,0.24,0.22,0.22,0.20,0.21
8/6/2011,12048.94043,0.07,0.08,0.11,0.15,0.17,0.30,0.24,0.22,0.22,0.20
9/6/2011,12124.36035,0.06,0.07,0.08,0.11,0.15,0.17,0.30,0.24,0.22,0.22
10/6/2011,11951.91016,0.09,0.06,0.07,0.08,0.11,0.15,0.17,0.30,0.24,0.22
13/6/2011,11952.96973,0.01,0.09,0.06,0.07,0.08,0.11,0.15,0.17,0.30,0.24
14/6/2011,12076.11035,0.01,0.01,0.09,0.06,0.07,0.08,0.11,0.15,0.17,0.30
15/6/2011,11897.26953,0.07,0.01,0.01,0.09,0.06,0.07,0.08,0.11,0.15,0.17
16/6/2011,11961.51953,-0.01,0.07,0.01,0.01,0.09,0.06,0.07,0.08,0.11,0.15
17/6/2011,12004.36035,0.02,-0.01,0.07,0.01,0.01,0.09,0.06,0.07,0.08,0.11
20/6/2011,12080.37988,0.04,0.02,-0.01,0.07,0.01,0.01,0.09,0.06,0.07,0.08
21/6/2011,12190.00977,0.07,0.04,0.02,-0.01,0.07,0.01,0.01,0.09,0.06,0.07
22/6/2011,12109.66992,0.12,0.07,0.04,0.02,-0.01,0.07,0.01,0.01,0.09,0.06
23/6/2011,12050,0.09,0.12,0.07,0.04,0.02,-0.01,0.07,0.01,0.01,0.09
24/6/2011,11934.58008,0.06,0.09,0.12,0.07,0.04,0.02,-0.01,0.07,0.01,0.01
27/6/2011,12043.55957,0.01,0.06,0.09,0.12,0.07,0.04,0.02,-0.01,0.07,0.01
28/6/2011,12188.69043,0.06,0.01,0.06,0.09,0.12,0.07,0.04,0.02,-0.01,0.07
29/6/2011,12261.41992,0.12,0.06,0.01,0.06,0.09,0.12,0.07,0.04,0.02,-0.01
30/6/2011,12414.33984,0.16,0.12,0.06,0.01,0.06,0.09,0.12,0.07,0.04,0.02
1/7/2011,12582.76953,0.23,0.16,0.12,0.06,0.01,0.06,0.09,0.12,0.07,0.04
5/7/2011,12569.87012,0.31,0.23,0.16,0.12,0.06,0.01,0.06,0.09,0.12,0.07
6/7/2011,12626.01953,0.30,0.31,0.23,0.16,0.12,0.06,0.01,0.06,0.09,0.12
7/7/2011,12719.49023,0.33,0.30,0.31,0.23,0.16,0.12,0.06,0.01,0.06,0.09
8/7/2011,12657.2002,0.37,0.33,0.30,0.31,0.23,0.16,0.12,0.06,0.01,0.06
11/7/2011,12505.75977,0.34,0.37,0.33,0.30,0.31,0.23,0.16,0.12,0.06,0.01
12/7/2011,12446.87988,0.27,0.34,0.37,0.33,0.30,0.31,0.23,0.16,0.12,0.06
13/7/2011,12491.61035,0.24,0.27,0.34,0.37,0.33,0.30,0.31,0.23,0.16,0.12
14/7/2011,12437.12012,0.26,0.24,0.27,0.34,0.37,0.33,0.30,0.31,0.23,0.16
15/7/2011,12479.73047,0.24,0.26,0.24,0.27,0.34,0.37,0.33,0.30,0.31,0.23
18/7/2011,12385.16016,0.26,0.24,0.26,0.24,0.27,0.34,0.37,0.33,0.30,0.31
19/7/2011,12587.41992,0.21,0.26,0.24,0.26,0.24,0.27,0.34,0.37,0.33,0.30
20/7/2011,12571.91016,0.31,0.21,0.26,0.24,0.26,0.24,0.27,0.34,0.37,0.33
21/7/2011,12724.41016,0.30,0.31,0.21,0.26,0.24,0.26,0.24,0.27,0.34,0.37
22/7/2011,12681.16016,0.37,0.30,0.31,0.21,0.26,0.24,0.26,0.24,0.27,0.34
25/7/2011,12592.79981,0.35,0.37,0.30,0.31,0.21,0.26,0.24,0.26,0.24,0.27
26/7/2011,12501.29981,0.31,0.35,0.37,0.30,0.31,0.21,0.26,0.24,0.26,0.24
27/7/2011,12302.54981,0.27,0.31,0.35,0.37,0.30,0.31,0.21,0.26,0.24,0.26
28/7/2011,12240.11035,0.18,0.27,0.31,0.35,0.37,0.30,0.31,0.21,0.26,0.24
29/7/2011,12143.24023,0.15,0.18,0.27,0.31,0.35,0.37,0.30,0.31,0.21,0.26
1/8/2011,12132.49023,0.10,0.15,0.18,0.27,0.31,0.35,0.37,0.30,0.31,0.21
2/8/2011,11866.62012,0.10,0.10,0.15,0.18,0.27,0.31,0.35,0.37,0.30,0.31
3/8/2011,11896.44043,-0.03,0.10,0.10,0.15,0.18,0.27,0.31,0.35,0.37,0.30
4/8/2011,11383.67969,-0.01,-0.03,0.10,0.10,0.15,0.18,0.27,0.31,0.35,0.37
5/8/2011,11444.61035,-0.25,-0.01,-0.03,0.10,0.10,0.15,0.18,0.27,0.31,0.35
8/8/2011,10809.84961,-0.22,-0.25,-0.01,-0.03,0.10,0.10,0.15,0.18,0.27,0.31
9/8/2011,11239.76953,-0.52,-0.22,-0.25,-0.01,-0.03,0.10,0.10,0.15,0.18,0.27
10/8/2011,10719.94043,-0.32,-0.52,-0.22,-0.25,-0.01,-0.03,0.10,0.10,0.15,0.18
11/8/2011,11143.30957,-0.56,-0.32,-0.52,-0.22,-0.25,-0.01,-0.03,0.10,0.10,0.15
12/8/2011,11269.01953,-0.36,-0.56,-0.32,-0.52,-0.22,-0.25,-0.01,-0.03,0.10,0.10
15/8/2011,11482.90039,-0.30,-0.36,-0.56,-0.32,-0.52,-0.22,-0.25,-0.01,-0.03,0.10
16/8/2011,11405.92969,-0.20,-0.30,-0.36,-0.56,-0.32,-0.52,-0.22,-0.25,-0.01,-0.03
17/8/2011,11410.20996,-0.24,-0.20,-0.30,-0.36,-0.56,-0.32,-0.52,-0.22,-0.25,-0.01
18/8/2011,10990.58008,-0.24,-0.24,-0.20,-0.30,-0.36,-0.56,-0.32,-0.52,-0.22,-0.25
19/8/2011,10817.65039,-0.43,-0.24,-0.24,-0.20,-0.30,-0.36,-0.56,-0.32,-0.52,-0.22
22/8/2011,10854.65039,-0.51,-0.43,-0.24,-0.24,-0.20,-0.30,-0.36,-0.56,-0.32,-0.52
23/8/2011,11176.75977,-0.49,-0.51,-0.43,-0.24,-0.24,-0.20,-0.30,-0.36,-0.56,-0.32
24/8/2011,11320.70996,-0.35,-0.49,-0.51,-0.43,-0.24,-0.24,-0.20,-0.30,-0.36,-0.56
25/8/2011,11149.82031,-0.28,-0.35,-0.49,-0.51,-0.43,-0.24,-0.24,-0.20,-0.30,-0.36
26/8/2011,11284.54004,-0.36,-0.28,-0.35,-0.49,-0.51,-0.43,-0.24,-0.24,-0.20,-0.30
29/8/2011,11539.25,-0.30,-0.36,-0.28,-0.35,-0.49,-0.51,-0.43,-0.24,-0.24,-0.20
30/8/2011,11559.9502,-0.18,-0.30,-0.36,-0.28,-0.35,-0.49,-0.51,-0.43,-0.24,-0.24
31/8/2011,11613.53027,-0.17,-0.18,-0.30,-0.36,-0.28,-0.35,-0.49,-0.51,-0.43,-0.24
1/9/2011,11493.57031,-0.14,-0.17,-0.18,-0.30,-0.36,-0.28,-0.35,-0.49,-0.51,-0.43
2/9/2011,11240.25977,-0.20,-0.14,-0.17,-0.18,-0.30,-0.36,-0.28,-0.35,-0.49,-0.51
6/9/2011,11139.29981,-0.32,-0.20,-0.14,-0.17,-0.18,-0.30,-0.36,-0.28,-0.35,-0.49
7/9/2011,11414.86035,-0.36,-0.32,-0.20,-0.14,-0.17,-0.18,-0.30,-0.36,-0.28,-0.35
8/9/2011,11295.80957,-0.23,-0.36,-0.32,-0.20,-0.14,-0.17,-0.18,-0.30,-0.36,-0.28
9/9/2011,10992.12988,-0.29,-0.23,-0.36,-0.32,-0.20,-0.14,-0.17,-0.18,-0.30,-0.36
12/9/2011,11061.12012,-0.43,-0.29,-0.23,-0.36,-0.32,-0.20,-0.14,-0.17,-0.18,-0.30
13/9/2011,11105.84961,-0.40,-0.43,-0.29,-0.23,-0.36,-0.32,-0.20,-0.14,-0.17,-0.18
14/9/2011,11246.73047,-0.38,-0.40,-0.43,-0.29,-0.23,-0.36,-0.32,-0.20,-0.14,-0.17
15/9/2011,11433.17969,-0.31,-0.38,-0.40,-0.43,-0.29,-0.23,-0.36,-0.32,-0.20,-0.14
16/9/2011,11509.08984,-0.23,-0.31,-0.38,-0.40,-0.43,-0.29,-0.23,-0.36,-0.32,-0.20
19/9/2011,11401.00977,-0.19,-0.23,-0.31,-0.38,-0.40,-0.43,-0.29,-0.23,-0.36,-0.32
20/9/2011,11408.66016,-0.24,-0.19,-0.23,-0.31,-0.38,-0.40,-0.43,-0.29,-0.23,-0.36
21/9/2011,11124.83984,-0.24,-0.24,-0.19,-0.23,-0.31,-0.38,-0.40,-0.43,-0.29,-0.23
22/9/2011,10733.83008,-0.37,-0.24,-0.24,-0.19,-0.23,-0.31,-0.38,-0.40,-0.43,-0.29
23/9/2011,10771.48047,-0.55,-0.37,-0.24,-0.24,-0.19,-0.23,-0.31,-0.38,-0.40,-0.43
26/9/2011,11043.86035,-0.53,-0.55,-0.37,-0.24,-0.24,-0.19,-0.23,-0.31,-0.38,-0.40
27/9/2011,11190.69043,-0.41,-0.53,-0.55,-0.37,-0.24,-0.24,-0.19,-0.23,-0.31,-0.38
28/9/2011,11010.90039,-0.34,-0.41,-0.53,-0.55,-0.37,-0.24,-0.24,-0.19,-0.23,-0.31
29/9/2011,11153.98047,-0.42,-0.34,-0.41,-0.53,-0.55,-0.37,-0.24,-0.24,-0.19,-0.23
30/9/2011,10913.37988,-0.36,-0.42,-0.34,-0.41,-0.53,-0.55,-0.37,-0.24,-0.24,-0.19
3/10/2011,10655.29981,-0.47,-0.36,-0.42,-0.34,-0.41,-0.53,-0.55,-0.37,-0.24,-0.24
4/10/2011,10808.70996,-0.59,-0.47,-0.36,-0.42,-0.34,-0.41,-0.53,-0.55,-0.37,-0.24
5/10/2011,10939.9502,-0.52,-0.59,-0.47,-0.36,-0.42,-0.34,-0.41,-0.53,-0.55,-0.37
6/10/2011,11123.33008,-0.45,-0.52,-0.59,-0.47,-0.36,-0.42,-0.34,-0.41,-0.53,-0.55
7/10/2011,11103.12012,-0.37,-0.45,-0.52,-0.59,-0.47,-0.36,-0.42,-0.34,-0.41,-0.53
10/10/2011,11433.17969,-0.38,-0.37,-0.45,-0.52,-0.59,-0.47,-0.36,-0.42,-0.34,-0.41
11/10/2011,11416.29981,-0.23,-0.38,-0.37,-0.45,-0.52,-0.59,-0.47,-0.36,-0.42,-0.34
12/10/2011,11518.84961,-0.23,-0.23,-0.38,-0.37,-0.45,-0.52,-0.59,-0.47,-0.36,-0.42
13/10/2011,11478.12988,-0.19,-0.23,-0.23,-0.38,-0.37,-0.45,-0.52,-0.59,-0.47,-0.36
14/10/2011,11644.49023,-0.21,-0.19,-0.23,-0.23,-0.38,-0.37,-0.45,-0.52,-0.59,-0.47
17/10/2011,11397,-0.13,-0.21,-0.19,-0.23,-0.23,-0.38,-0.37,-0.45,-0.52,-0.59
18/10/2011,11577.04981,-0.24,-0.13,-0.21,-0.19,-0.23,-0.23,-0.38,-0.37,-0.45,-0.52
19/10/2011,11504.62012,-0.16,-0.24,-0.13,-0.21,-0.19,-0.23,-0.23,-0.38,-0.37,-0.45
20/10/2011,11541.78027,-0.19,-0.16,-0.24,-0.13,-0.21,-0.19,-0.23,-0.23,-0.38,-0.37
21/10/2011,11808.79004,-0.18,-0.19,-0.16,-0.24,-0.13,-0.21,-0.19,-0.23,-0.23,-0.38
24/10/2011,11913.62012,-0.05,-0.18,-0.19,-0.16,-0.24,-0.13,-0.21,-0.19,-0.23,-0.23
25/10/2011,11706.62012,0.00,-0.05,-0.18,-0.19,-0.16,-0.24,-0.13,-0.21,-0.19,-0.23
26/10/2011,11869.04004,-0.10,0.00,-0.05,-0.18,-0.19,-0.16,-0.24,-0.13,-0.21,-0.19
27/10/2011,12208.54981,-0.02,-0.10,0.00,-0.05,-0.18,-0.19,-0.16,-0.24,-0.13,-0.21
28/10/2011,12231.11035,0.13,-0.02,-0.10,0.00,-0.05,-0.18,-0.19,-0.16,-0.24,-0.13
31/10/2011,11955.00977,0.14,0.13,-0.02,-0.10,0.00,-0.05,-0.18,-0.19,-0.16,-0.24
1/11/2011,11657.95996,0.02,0.14,0.13,-0.02,-0.10,0.00,-0.05,-0.18,-0.19,-0.16
2/11/2011,11836.04004,-0.12,0.02,0.14,0.13,-0.02,-0.10,0.00,-0.05,-0.18,-0.19
3/11/2011,12044.46973,-0.04,-0.12,0.02,0.14,0.13,-0.02,-0.10,0.00,-0.05,-0.18
4/11/2011,11983.24023,0.06,-0.04,-0.12,0.02,0.14,0.13,-0.02,-0.10,0.00,-0.05
7/11/2011,12068.38965,0.03,0.06,-0.04,-0.12,0.02,0.14,0.13,-0.02,-0.10,0.00
8/11/2011,12170.17969,0.07,0.03,0.06,-0.04,-0.12,0.02,0.14,0.13,-0.02,-0.10
9/11/2011,11780.94043,0.12,0.07,0.03,0.06,-0.04,-0.12,0.02,0.14,0.13,-0.02
10/11/2011,11893.86035,-0.07,0.12,0.07,0.03,0.06,-0.04,-0.12,0.02,0.14,0.13
11/11/2011,12153.67969,-0.01,-0.07,0.12,0.07,0.03,0.06,-0.04,-0.12,0.02,0.14
14/11/2011,12078.98047,0.11,-0.01,-0.07,0.12,0.07,0.03,0.06,-0.04,-0.12,0.02
15/11/2011,12096.16016,0.07,0.11,-0.01,-0.07,0.12,0.07,0.03,0.06,-0.04,-0.12
16/11/2011,11905.58984,0.08,0.07,0.11,-0.01,-0.07,0.12,0.07,0.03,0.06,-0.04
17/11/2011,11770.73047,-0.01,0.08,0.07,0.11,-0.01,-0.07,0.12,0.07,0.03,0.06
18/11/2011,11796.16016,-0.07,-0.01,0.08,0.07,0.11,-0.01,-0.07,0.12,0.07,0.03
21/11/2011,11547.30957,-0.06,-0.07,-0.01,0.08,0.07,0.11,-0.01,-0.07,0.12,0.07
22/11/2011,11493.71973,-0.17,-0.06,-0.07,-0.01,0.08,0.07,0.11,-0.01,-0.07,0.12
23/11/2011,11257.54981,-0.20,-0.17,-0.06,-0.07,-0.01,0.08,0.07,0.11,-0.01,-0.07
25/11/2011,11231.65039,-0.31,-0.20,-0.17,-0.06,-0.07,-0.01,0.08,0.07,0.11,-0.01
28/11/2011,11523.00977,-0.32,-0.31,-0.20,-0.17,-0.06,-0.07,-0.01,0.08,0.07,0.11
29/11/2011,11555.62988,-0.18,-0.32,-0.31,-0.20,-0.17,-0.06,-0.07,-0.01,0.08,0.07
30/11/2011,12045.67969,-0.17,-0.18,-0.32,-0.31,-0.20,-0.17,-0.06,-0.07,-0.01,0.08
1/12/2011,12020.03027,0.06,-0.17,-0.18,-0.32,-0.31,-0.20,-0.17,-0.06,-0.07,-0.01
2/12/2011,12019.41992,0.05,0.06,-0.17,-0.18,-0.32,-0.31,-0.20,-0.17,-0.06,-0.07
5/12/2011,12097.83008,0.05,0.05,0.06,-0.17,-0.18,-0.32,-0.31,-0.20,-0.17,-0.06
6/12/2011,12150.12988,0.08,0.05,0.05,0.06,-0.17,-0.18,-0.32,-0.31,-0.20,-0.17
7/12/2011,12196.37012,0.11,0.08,0.05,0.05,0.06,-0.17,-0.18,-0.32,-0.31,-0.20
8/12/2011,11997.7002,0.13,0.11,0.08,0.05,0.05,0.06,-0.17,-0.18,-0.32,-0.31
9/12/2011,12184.25977,0.04,0.13,0.11,0.08,0.05,0.05,0.06,-0.17,-0.18,-0.32
12/12/2011,12021.38965,0.12,0.04,0.13,0.11,0.08,0.05,0.05,0.06,-0.17,-0.18
13/12/2011,11954.94043,0.05,0.12,0.04,0.13,0.11,0.08,0.05,0.05,0.06,-0.17
14/12/2011,11823.48047,0.02,0.05,0.12,0.04,0.13,0.11,0.08,0.05,0.05,0.06
15/12/2011,11868.80957,-0.05,0.02,0.05,0.12,0.04,0.13,0.11,0.08,0.05,0.05
16/12/2011,11866.38965,-0.02,-0.05,0.02,0.05,0.12,0.04,0.13,0.11,0.08,0.05
19/12/2011,11766.25977,-0.03,-0.02,-0.05,0.02,0.05,0.12,0.04,0.13,0.11,0.08
20/12/2011,12103.58008,-0.07,-0.03,-0.02,-0.05,0.02,0.05,0.12,0.04,0.13,0.11
21/12/2011,12107.74023,0.08,-0.07,-0.03,-0.02,-0.05,0.02,0.05,0.12,0.04,0.13
22/12/2011,12169.65039,0.09,0.08,-0.07,-0.03,-0.02,-0.05,0.02,0.05,0.12,0.04
23/12/2011,12294,0.11,0.09,0.08,-0.07,-0.03,-0.02,-0.05,0.02,0.05,0.12
27/12/2011,12291.34961,0.17,0.11,0.09,0.08,-0.07,-0.03,-0.02,-0.05,0.02,0.05
28/12/2011,12151.41016,0.17,0.17,0.11,0.09,0.08,-0.07,-0.03,-0.02,-0.05,0.02
29/12/2011,12287.04004,0.11,0.17,0.17,0.11,0.09,0.08,-0.07,-0.03,-0.02,-0.05
30/12/2011,12217.55957,0.17,0.11,0.17,0.17,0.11,0.09,0.08,-0.07,-0.03,-0.02
3/1/2012,12397.37988,0.14,0.17,0.11,0.17,0.17,0.11,0.09,0.08,-0.07,-0.03
4/1/2012,12418.41992,0.22,0.14,0.17,0.11,0.17,0.17,0.11,0.09,0.08,-0.07
5/1/2012,12415.7002,0.23,0.22,0.14,0.17,0.11,0.17,0.17,0.11,0.09,0.08
6/1/2012,12359.91992,0.23,0.23,0.22,0.14,0.17,0.11,0.17,0.17,0.11,0.09
9/1/2012,12392.69043,0.20,0.23,0.23,0.22,0.14,0.17,0.11,0.17,0.17,0.11
10/1/2012,12462.46973,0.22,0.20,0.23,0.23,0.22,0.14,0.17,0.11,0.17,0.17
11/1/2012,12449.4502,0.25,0.22,0.20,0.23,0.23,0.22,0.14,0.17,0.11,0.17
12/1/2012,12471.01953,0.24,0.25,0.22,0.20,0.23,0.23,0.22,0.14,0.17,0.11
13/1/2012,12422.05957,0.25,0.24,0.25,0.22,0.20,0.23,0.23,0.22,0.14,0.17
17/1/2012,12482.07031,0.23,0.25,0.24,0.25,0.22,0.20,0.23,0.23,0.22,0.14
18/1/2012,12578.9502,0.26,0.23,0.25,0.24,0.25,0.22,0.20,0.23,0.23,0.22
19/1/2012,12623.98047,0.30,0.26,0.23,0.25,0.24,0.25,0.22,0.20,0.23,0.23
20/1/2012,12720.48047,0.33,0.30,0.26,0.23,0.25,0.24,0.25,0.22,0.20,0.23
23/1/2012,12708.82031,0.37,0.33,0.30,0.26,0.23,0.25,0.24,0.25,0.22,0.20
24/1/2012,12675.75,0.36,0.37,0.33,0.30,0.26,0.23,0.25,0.24,0.25,0.22
25/1/2012,12758.84961,0.35,0.36,0.37,0.33,0.30,0.26,0.23,0.25,0.24,0.25
26/1/2012,12734.62988,0.39,0.35,0.36,0.37,0.33,0.30,0.26,0.23,0.25,0.24
27/1/2012,12660.45996,0.38,0.39,0.35,0.36,0.37,0.33,0.30,0.26,0.23,0.25
30/1/2012,12653.71973,0.34,0.38,0.39,0.35,0.36,0.37,0.33,0.30,0.26,0.23
31/1/2012,12632.91016,0.34,0.34,0.38,0.39,0.35,0.36,0.37,0.33,0.30,0.26
1/2/2012,12716.45996,0.33,0.34,0.34,0.38,0.39,0.35,0.36,0.37,0.33,0.30
2/2/2012,12705.41016,0.37,0.33,0.34,0.34,0.38,0.39,0.35,0.36,0.37,0.33
3/2/2012,12862.23047,0.36,0.37,0.33,0.34,0.34,0.38,0.39,0.35,0.36,0.37
6/2/2012,12845.12988,0.44,0.36,0.37,0.33,0.34,0.34,0.38,0.39,0.35,0.36
7/2/2012,12878.2002,0.43,0.44,0.36,0.37,0.33,0.34,0.34,0.38,0.39,0.35
8/2/2012,12883.9502,0.44,0.43,0.44,0.36,0.37,0.33,0.34,0.34,0.38,0.39
9/2/2012,12890.45996,0.45,0.44,0.43,0.44,0.36,0.37,0.33,0.34,0.34,0.38
10/2/2012,12801.23047,0.45,0.45,0.44,0.43,0.44,0.36,0.37,0.33,0.34,0.34
13/2/2012,12874.04004,0.41,0.45,0.45,0.44,0.43,0.44,0.36,0.37,0.33,0.34
14/2/2012,12878.28027,0.44,0.41,0.45,0.45,0.44,0.43,0.44,0.36,0.37,0.33
15/2/2012,12780.9502,0.44,0.44,0.41,0.45,0.45,0.44,0.43,0.44,0.36,0.37
16/2/2012,12904.08008,0.40,0.44,0.44,0.41,0.45,0.45,0.44,0.43,0.44,0.36
17/2/2012,12949.87012,0.46,0.40,0.44,0.44,0.41,0.45,0.45,0.44,0.43,0.44
21/2/2012,12965.69043,0.48,0.46,0.40,0.44,0.44,0.41,0.45,0.45,0.44,0.43
22/2/2012,12938.66992,0.48,0.48,0.46,0.40,0.44,0.44,0.41,0.45,0.45,0.44
23/2/2012,12984.69043,0.47,0.48,0.48,0.46,0.40,0.44,0.44,0.41,0.45,0.45
24/2/2012,12982.9502,0.49,0.47,0.48,0.48,0.46,0.40,0.44,0.44,0.41,0.45
27/2/2012,12981.50977,0.49,0.49,0.47,0.48,0.48,0.46,0.40,0.44,0.44,0.41
28/2/2012,13005.12012,0.49,0.49,0.49,0.47,0.48,0.48,0.46,0.40,0.44,0.44
29/2/2012,12952.07031,0.50,0.49,0.49,0.49,0.47,0.48,0.48,0.46,0.40,0.44
1/3/2012,12980.29981,0.48,0.50,0.49,0.49,0.49,0.47,0.48,0.48,0.46,0.40
2/3/2012,12977.57031,0.49,0.48,0.50,0.49,0.49,0.49,0.47,0.48,0.48,0.46
5/3/2012,12962.80957,0.49,0.49,0.48,0.50,0.49,0.49,0.49,0.47,0.48,0.48
6/3/2012,12759.15039,0.48,0.49,0.49,0.48,0.50,0.49,0.49,0.49,0.47,0.48
7/3/2012,12837.33008,0.39,0.48,0.49,0.49,0.48,0.50,0.49,0.49,0.49,0.47
8/3/2012,12907.94043,0.42,0.39,0.48,0.49,0.49,0.48,0.50,0.49,0.49,0.49
9/3/2012,12922.01953,0.46,0.42,0.39,0.48,0.49,0.49,0.48,0.50,0.49,0.49
12/3/2012,12959.70996,0.46,0.46,0.42,0.39,0.48,0.49,0.49,0.48,0.50,0.49
13/3/2012,13177.67969,0.48,0.46,0.46,0.42,0.39,0.48,0.49,0.49,0.48,0.50
14/3/2012,13194.09961,0.58,0.48,0.46,0.46,0.42,0.39,0.48,0.49,0.49,0.48
15/3/2012,13252.75977,0.59,0.58,0.48,0.46,0.46,0.42,0.39,0.48,0.49,0.49
16/3/2012,13232.62012,0.62,0.59,0.58,0.48,0.46,0.46,0.42,0.39,0.48,0.49
19/3/2012,13239.12988,0.61,0.62,0.59,0.58,0.48,0.46,0.46,0.42,0.39,0.48
20/3/2012,13170.19043,0.61,0.61,0.62,0.59,0.58,0.48,0.46,0.46,0.42,0.39
21/3/2012,13124.62012,0.58,0.61,0.61,0.62,0.59,0.58,0.48,0.46,0.46,0.42
22/3/2012,13046.13965,0.56,0.58,0.61,0.61,0.62,0.59,0.58,0.48,0.46,0.46
23/3/2012,13080.73047,0.52,0.56,0.58,0.61,0.61,0.62,0.59,0.58,0.48,0.46
26/3/2012,13241.62988,0.54,0.52,0.56,0.58,0.61,0.61,0.62,0.59,0.58,0.48
27/3/2012,13197.73047,0.61,0.54,0.52,0.56,0.58,0.61,0.61,0.62,0.59,0.58
28/3/2012,13126.20996,0.59,0.61,0.54,0.52,0.56,0.58,0.61,0.61,0.62,0.59
29/3/2012,13145.82031,0.56,0.59,0.61,0.54,0.52,0.56,0.58,0.61,0.61,0.62
30/3/2012,13212.04004,0.57,0.56,0.59,0.61,0.54,0.52,0.56,0.58,0.61,0.61
2/4/2012,13264.49023,0.60,0.57,0.56,0.59,0.61,0.54,0.52,0.56,0.58,0.61
3/4/2012,13199.54981,0.62,0.60,0.57,0.56,0.59,0.61,0.54,0.52,0.56,0.58
4/4/2012,13074.75,0.59,0.62,0.60,0.57,0.56,0.59,0.61,0.54,0.52,0.56
5/4/2012,13060.13965,0.53,0.59,0.62,0.60,0.57,0.56,0.59,0.61,0.54,0.52
9/4/2012,12929.58984,0.53,0.53,0.59,0.62,0.60,0.57,0.56,0.59,0.61,0.54
10/4/2012,12715.92969,0.47,0.53,0.53,0.59,0.62,0.60,0.57,0.56,0.59,0.61
11/4/2012,12805.38965,0.37,0.47,0.53,0.53,0.59,0.62,0.60,0.57,0.56,0.59
12/4/2012,12986.58008,0.41,0.37,0.47,0.53,0.53,0.59,0.62,0.60,0.57,0.56
13/4/2012,12849.58984,0.49,0.41,0.37,0.47,0.53,0.53,0.59,0.62,0.60,0.57
16/4/2012,12921.41016,0.43,0.49,0.41,0.37,0.47,0.53,0.53,0.59,0.62,0.60
17/4/2012,13115.54004,0.46,0.43,0.49,0.41,0.37,0.47,0.53,0.53,0.59,0.62
18/4/2012,13032.75,0.55,0.46,0.43,0.49,0.41,0.37,0.47,0.53,0.53,0.59
19/4/2012,12964.09961,0.51,0.55,0.46,0.43,0.49,0.41,0.37,0.47,0.53,0.53
20/4/2012,13029.25977,0.48,0.51,0.55,0.46,0.43,0.49,0.41,0.37,0.47,0.53
23/4/2012,12927.16992,0.51,0.48,0.51,0.55,0.46,0.43,0.49,0.41,0.37,0.47
24/4/2012,13001.55957,0.47,0.51,0.48,0.51,0.55,0.46,0.43,0.49,0.41,0.37
25/4/2012,13090.71973,0.50,0.47,0.51,0.48,0.51,0.55,0.46,0.43,0.49,0.41
26/4/2012,13204.62012,0.54,0.50,0.47,0.51,0.48,0.51,0.55,0.46,0.43,0.49
27/4/2012,13228.30957,0.59,0.54,0.50,0.47,0.51,0.48,0.51,0.55,0.46,0.43
30/4/2012,13213.62988,0.61,0.59,0.54,0.50,0.47,0.51,0.48,0.51,0.55,0.46
1/5/2012,13279.32031,0.60,0.61,0.59,0.54,0.50,0.47,0.51,0.48,0.51,0.55
2/5/2012,13268.57031,0.63,0.60,0.61,0.59,0.54,0.50,0.47,0.51,0.48,0.51
3/5/2012,13206.58984,0.62,0.63,0.60,0.61,0.59,0.54,0.50,0.47,0.51,0.48
4/5/2012,13038.26953,0.60,0.62,0.63,0.60,0.61,0.59,0.54,0.50,0.47,0.51
7/5/2012,13008.53027,0.52,0.60,0.62,0.63,0.60,0.61,0.59,0.54,0.50,0.47
8/5/2012,12932.08984,0.50,0.52,0.60,0.62,0.63,0.60,0.61,0.59,0.54,0.50
9/5/2012,12835.05957,0.47,0.50,0.52,0.60,0.62,0.63,0.60,0.61,0.59,0.54
10/5/2012,12855.04004,0.42,0.47,0.50,0.52,0.60,0.62,0.63,0.60,0.61,0.59
11/5/2012,12820.59961,0.43,0.42,0.47,0.50,0.52,0.60,0.62,0.63,0.60,0.61
14/5/2012,12695.34961,0.42,0.43,0.42,0.47,0.50,0.52,0.60,0.62,0.63,0.60
15/5/2012,12632,0.36,0.42,0.43,0.42,0.47,0.50,0.52,0.60,0.62,0.63
16/5/2012,12598.54981,0.33,0.36,0.42,0.43,0.42,0.47,0.50,0.52,0.60,0.62
17/5/2012,12442.49023,0.31,0.33,0.36,0.42,0.43,0.42,0.47,0.50,0.52,0.60
18/5/2012,12369.37988,0.24,0.31,0.33,0.36,0.42,0.43,0.42,0.47,0.50,0.52
21/5/2012,12504.48047,0.21,0.24,0.31,0.33,0.36,0.42,0.43,0.42,0.47,0.50
22/5/2012,12502.80957,0.27,0.21,0.24,0.31,0.33,0.36,0.42,0.43,0.42,0.47
23/5/2012,12496.15039,0.27,0.27,0.21,0.24,0.31,0.33,0.36,0.42,0.43,0.42
24/5/2012,12529.75,0.27,0.27,0.27,0.21,0.24,0.31,0.33,0.36,0.42,0.43
25/5/2012,12454.83008,0.28,0.27,0.27,0.27,0.21,0.24,0.31,0.33,0.36,0.42
29/5/2012,12580.69043,0.25,0.28,0.27,0.27,0.27,0.21,0.24,0.31,0.33,0.36
30/5/2012,12419.86035,0.31,0.25,0.28,0.27,0.27,0.27,0.21,0.24,0.31,0.33
31/5/2012,12393.4502,0.23,0.31,0.25,0.28,0.27,0.27,0.27,0.21,0.24,0.31
1/6/2012,12118.57031,0.22,0.23,0.31,0.25,0.28,0.27,0.27,0.27,0.21,0.24
4/6/2012,12101.45996,0.09,0.22,0.23,0.31,0.25,0.28,0.27,0.27,0.27,0.21
5/6/2012,12127.9502,0.08,0.09,0.22,0.23,0.31,0.25,0.28,0.27,0.27,0.27
6/6/2012,12414.79004,0.10,0.08,0.09,0.22,0.23,0.31,0.25,0.28,0.27,0.27
7/6/2012,12460.95996,0.23,0.10,0.08,0.09,0.22,0.23,0.31,0.25,0.28,0.27
8/6/2012,12554.2002,0.25,0.23,0.10,0.08,0.09,0.22,0.23,0.31,0.25,0.28
11/6/2012,12411.23047,0.29,0.25,0.23,0.10,0.08,0.09,0.22,0.23,0.31,0.25
12/6/2012,12573.79981,0.23,0.29,0.25,0.23,0.10,0.08,0.09,0.22,0.23,0.31
13/6/2012,12496.37988,0.30,0.23,0.29,0.25,0.23,0.10,0.08,0.09,0.22,0.23
14/6/2012,12651.91016,0.27,0.30,0.23,0.29,0.25,0.23,0.10,0.08,0.09,0.22
15/6/2012,12767.16992,0.34,0.27,0.30,0.23,0.29,0.25,0.23,0.10,0.08,0.09
18/6/2012,12741.82031,0.39,0.34,0.27,0.30,0.23,0.29,0.25,0.23,0.10,0.08
19/6/2012,12837.33008,0.38,0.39,0.34,0.27,0.30,0.23,0.29,0.25,0.23,0.10
20/6/2012,12824.38965,0.42,0.38,0.39,0.34,0.27,0.30,0.23,0.29,0.25,0.23
21/6/2012,12573.57031,0.42,0.42,0.38,0.39,0.34,0.27,0.30,0.23,0.29,0.25
22/6/2012,12640.78027,0.30,0.42,0.42,0.38,0.39,0.34,0.27,0.30,0.23,0.29
25/6/2012,12502.66016,0.33,0.30,0.42,0.42,0.38,0.39,0.34,0.27,0.30,0.23
26/6/2012,12534.66992,0.27,0.33,0.30,0.42,0.42,0.38,0.39,0.34,0.27,0.30
27/6/2012,12627.00977,0.28,0.27,0.33,0.30,0.42,0.42,0.38,0.39,0.34,0.27
28/6/2012,12602.25977,0.33,0.28,0.27,0.33,0.30,0.42,0.42,0.38,0.39,0.34
29/6/2012,12880.08984,0.32,0.33,0.28,0.27,0.33,0.30,0.42,0.42,0.38,0.39
2/7/2012,12871.38965,0.44,0.32,0.33,0.28,0.27,0.33,0.30,0.42,0.42,0.38
3/7/2012,12943.66016,0.44,0.44,0.32,0.33,0.28,0.27,0.33,0.30,0.42,0.42
5/7/2012,12896.66992,0.47,0.44,0.44,0.32,0.33,0.28,0.27,0.33,0.30,0.42
6/7/2012,12772.46973,0.45,0.47,0.44,0.44,0.32,0.33,0.28,0.27,0.33,0.30
9/7/2012,12736.29004,0.39,0.45,0.47,0.44,0.44,0.32,0.33,0.28,0.27,0.33
10/7/2012,12653.12012,0.38,0.39,0.45,0.47,0.44,0.44,0.32,0.33,0.28,0.27
11/7/2012,12604.53027,0.34,0.38,0.39,0.45,0.47,0.44,0.44,0.32,0.33,0.28
12/7/2012,12573.26953,0.32,0.34,0.38,0.39,0.45,0.47,0.44,0.44,0.32,0.33
13/7/2012,12777.08984,0.30,0.32,0.34,0.38,0.39,0.45,0.47,0.44,0.44,0.32
16/7/2012,12727.20996,0.40,0.30,0.32,0.34,0.38,0.39,0.45,0.47,0.44,0.44
17/7/2012,12805.54004,0.37,0.40,0.30,0.32,0.34,0.38,0.39,0.45,0.47,0.44
18/7/2012,12908.7002,0.41,0.37,0.40,0.30,0.32,0.34,0.38,0.39,0.45,0.47
19/7/2012,12943.36035,0.46,0.41,0.37,0.40,0.30,0.32,0.34,0.38,0.39,0.45
20/7/2012,12822.57031,0.47,0.46,0.41,0.37,0.40,0.30,0.32,0.34,0.38,0.39
23/7/2012,12721.45996,0.42,0.47,0.46,0.41,0.37,0.40,0.30,0.32,0.34,0.38
24/7/2012,12617.32031,0.37,0.42,0.47,0.46,0.41,0.37,0.40,0.30,0.32,0.34
25/7/2012,12676.04981,0.32,0.37,0.42,0.47,0.46,0.41,0.37,0.40,0.30,0.32
26/7/2012,12887.92969,0.35,0.32,0.37,0.42,0.47,0.46,0.41,0.37,0.40,0.30
27/7/2012,13075.66016,0.45,0.35,0.32,0.37,0.42,0.47,0.46,0.41,0.37,0.40
30/7/2012,13073.00977,0.53,0.45,0.35,0.32,0.37,0.42,0.47,0.46,0.41,0.37
31/7/2012,13008.67969,0.53,0.53,0.45,0.35,0.32,0.37,0.42,0.47,0.46,0.41
1/8/2012,12976.12988,0.50,0.53,0.53,0.45,0.35,0.32,0.37,0.42,0.47,0.46
2/8/2012,12878.87988,0.49,0.50,0.53,0.53,0.45,0.35,0.32,0.37,0.42,0.47
3/8/2012,13096.16992,0.44,0.49,0.50,0.53,0.53,0.45,0.35,0.32,0.37,0.42
6/8/2012,13117.50977,0.54,0.44,0.49,0.50,0.53,0.53,0.45,0.35,0.32,0.37
7/8/2012,13168.59961,0.55,0.54,0.44,0.49,0.50,0.53,0.53,0.45,0.35,0.32
8/8/2012,13175.63965,0.58,0.55,0.54,0.44,0.49,0.50,0.53,0.53,0.45,0.35
9/8/2012,13165.19043,0.58,0.58,0.55,0.54,0.44,0.49,0.50,0.53,0.53,0.45
10/8/2012,13207.9502,0.58,0.58,0.58,0.55,0.54,0.44,0.49,0.50,0.53,0.53
13/8/2012,13169.42969,0.60,0.58,0.58,0.58,0.55,0.54,0.44,0.49,0.50,0.53
14/8/2012,13172.13965,0.58,0.60,0.58,0.58,0.58,0.55,0.54,0.44,0.49,0.50
15/8/2012,13164.78027,0.58,0.58,0.60,0.58,0.58,0.58,0.55,0.54,0.44,0.49
16/8/2012,13250.11035,0.58,0.58,0.58,0.60,0.58,0.58,0.58,0.55,0.54,0.44
17/8/2012,13275.2002,0.62,0.58,0.58,0.58,0.60,0.58,0.58,0.58,0.55,0.54
20/8/2012,13271.63965,0.63,0.62,0.58,0.58,0.58,0.60,0.58,0.58,0.58,0.55
21/8/2012,13203.58008,0.63,0.63,0.62,0.58,0.58,0.58,0.60,0.58,0.58,0.58
22/8/2012,13172.75977,0.59,0.63,0.63,0.62,0.58,0.58,0.58,0.60,0.58,0.58
23/8/2012,13057.45996,0.58,0.59,0.63,0.63,0.62,0.58,0.58,0.58,0.60,0.58
24/8/2012,13157.96973,0.53,0.58,0.59,0.63,0.63,0.62,0.58,0.58,0.58,0.60
27/8/2012,13124.66992,0.57,0.53,0.58,0.59,0.63,0.63,0.62,0.58,0.58,0.58
28/8/2012,13102.99023,0.56,0.57,0.53,0.58,0.59,0.63,0.63,0.62,0.58,0.58
29/8/2012,13107.48047,0.55,0.56,0.57,0.53,0.58,0.59,0.63,0.63,0.62,0.58
30/8/2012,13000.70996,0.55,0.55,0.56,0.57,0.53,0.58,0.59,0.63,0.63,0.62
31/8/2012,13090.83984,0.50,0.55,0.55,0.56,0.57,0.53,0.58,0.59,0.63,0.63
4/9/2012,13035.94043,0.54,0.50,0.55,0.55,0.56,0.57,0.53,0.58,0.59,0.63
5/9/2012,13047.48047,0.52,0.54,0.50,0.55,0.55,0.56,0.57,0.53,0.58,0.59
6/9/2012,13292,0.52,0.52,0.54,0.50,0.55,0.55,0.56,0.57,0.53,0.58
7/9/2012,13306.63965,0.63,0.52,0.52,0.54,0.50,0.55,0.55,0.56,0.57,0.53
10/9/2012,13254.29004,0.64,0.63,0.52,0.52,0.54,0.50,0.55,0.55,0.56,0.57
11/9/2012,13323.36035,0.62,0.64,0.63,0.52,0.52,0.54,0.50,0.55,0.55,0.56
12/9/2012,13333.34961,0.65,0.62,0.64,0.63,0.52,0.52,0.54,0.50,0.55,0.55
13/9/2012,13539.86035,0.65,0.65,0.62,0.64,0.63,0.52,0.52,0.54,0.50,0.55
14/9/2012,13593.37012,0.75,0.65,0.65,0.62,0.64,0.63,0.52,0.52,0.54,0.50
17/9/2012,13553.09961,0.77,0.75,0.65,0.65,0.62,0.64,0.63,0.52,0.52,0.54
18/9/2012,13564.63965,0.76,0.77,0.75,0.65,0.65,0.62,0.64,0.63,0.52,0.52
19/9/2012,13577.95996,0.76,0.76,0.77,0.75,0.65,0.65,0.62,0.64,0.63,0.52
20/9/2012,13596.92969,0.77,0.76,0.76,0.77,0.75,0.65,0.65,0.62,0.64,0.63
21/9/2012,13579.46973,0.78,0.77,0.76,0.76,0.77,0.75,0.65,0.65,0.62,0.64
24/9/2012,13558.91992,0.77,0.78,0.77,0.76,0.76,0.77,0.75,0.65,0.65,0.62
25/9/2012,13457.54981,0.76,0.77,0.78,0.77,0.76,0.76,0.77,0.75,0.65,0.65
26/9/2012,13413.50977,0.71,0.76,0.77,0.78,0.77,0.76,0.76,0.77,0.75,0.65
27/9/2012,13485.96973,0.69,0.71,0.76,0.77,0.78,0.77,0.76,0.76,0.77,0.75
28/9/2012,13437.12988,0.72,0.69,0.71,0.76,0.77,0.78,0.77,0.76,0.76,0.77
1/10/2012,13515.11035,0.70,0.72,0.69,0.71,0.76,0.77,0.78,0.77,0.76,0.76
2/10/2012,13482.36035,0.74,0.70,0.72,0.69,0.71,0.76,0.77,0.78,0.77,0.76
3/10/2012,13494.61035,0.72,0.74,0.70,0.72,0.69,0.71,0.76,0.77,0.78,0.77
4/10/2012,13575.36035,0.73,0.72,0.74,0.70,0.72,0.69,0.71,0.76,0.77,0.78
5/10/2012,13610.15039,0.77,0.73,0.72,0.74,0.70,0.72,0.69,0.71,0.76,0.77
8/10/2012,13583.65039,0.78,0.77,0.73,0.72,0.74,0.70,0.72,0.69,0.71,0.76
9/10/2012,13473.53027,0.77,0.78,0.77,0.73,0.72,0.74,0.70,0.72,0.69,0.71
10/10/2012,13344.96973,0.72,0.77,0.78,0.77,0.73,0.72,0.74,0.70,0.72,0.69
11/10/2012,13326.38965,0.66,0.72,0.77,0.78,0.77,0.73,0.72,0.74,0.70,0.72
12/10/2012,13328.84961,0.65,0.66,0.72,0.77,0.78,0.77,0.73,0.72,0.74,0.70
15/10/2012,13424.23047,0.65,0.65,0.66,0.72,0.77,0.78,0.77,0.73,0.72,0.74
16/10/2012,13551.78027,0.70,0.65,0.65,0.66,0.72,0.77,0.78,0.77,0.73,0.72
17/10/2012,13557,0.76,0.70,0.65,0.65,0.66,0.72,0.77,0.78,0.77,0.73
18/10/2012,13548.94043,0.76,0.76,0.70,0.65,0.65,0.66,0.72,0.77,0.78,0.77
19/10/2012,13343.50977,0.75,0.76,0.76,0.70,0.65,0.65,0.66,0.72,0.77,0.78
22/10/2012,13345.88965,0.66,0.75,0.76,0.76,0.70,0.65,0.65,0.66,0.72,0.77
23/10/2012,13102.53027,0.66,0.66,0.75,0.76,0.76,0.70,0.65,0.65,0.66,0.72
24/10/2012,13077.33984,0.55,0.66,0.66,0.75,0.76,0.76,0.70,0.65,0.65,0.66
25/10/2012,13103.67969,0.54,0.55,0.66,0.66,0.75,0.76,0.76,0.70,0.65,0.65
26/10/2012,13107.20996,0.55,0.54,0.55,0.66,0.66,0.75,0.76,0.76,0.70,0.65
31/10/2012,13096.45996,0.55,0.55,0.54,0.55,0.66,0.66,0.75,0.76,0.76,0.70
1/11/2012,13232.62012,0.54,0.55,0.55,0.54,0.55,0.66,0.66,0.75,0.76,0.76
2/11/2012,13093.16016,0.61,0.54,0.55,0.55,0.54,0.55,0.66,0.66,0.75,0.76
5/11/2012,13112.44043,0.54,0.61,0.54,0.55,0.55,0.54,0.55,0.66,0.66,0.75
6/11/2012,13245.67969,0.55,0.54,0.61,0.54,0.55,0.55,0.54,0.55,0.66,0.66
7/11/2012,12932.73047,0.61,0.55,0.54,0.61,0.54,0.55,0.55,0.54,0.55,0.66
8/11/2012,12811.32031,0.47,0.61,0.55,0.54,0.61,0.54,0.55,0.55,0.54,0.55
9/11/2012,12815.38965,0.41,0.47,0.61,0.55,0.54,0.61,0.54,0.55,0.55,0.54
12/11/2012,12815.08008,0.41,0.41,0.47,0.61,0.55,0.54,0.61,0.54,0.55,0.55
13/11/2012,12756.17969,0.41,0.41,0.41,0.47,0.61,0.55,0.54,0.61,0.54,0.55
14/11/2012,12570.9502,0.39,0.41,0.41,0.41,0.47,0.61,0.55,0.54,0.61,0.54
15/11/2012,12542.37988,0.30,0.39,0.41,0.41,0.41,0.47,0.61,0.55,0.54,0.61
16/11/2012,12588.30957,0.29,0.30,0.39,0.41,0.41,0.41,0.47,0.61,0.55,0.54
19/11/2012,12795.95996,0.31,0.29,0.30,0.39,0.41,0.41,0.41,0.47,0.61,0.55
20/11/2012,12788.50977,0.40,0.31,0.29,0.30,0.39,0.41,0.41,0.41,0.47,0.61
21/11/2012,12836.88965,0.40,0.40,0.31,0.29,0.30,0.39,0.41,0.41,0.41,0.47
23/11/2012,13009.53027,0.42,0.40,0.40,0.31,0.29,0.30,0.39,0.41,0.41,0.41
26/11/2012,12967.37012,0.50,0.42,0.40,0.40,0.31,0.29,0.30,0.39,0.41,0.41
27/11/2012,12878.12988,0.48,0.50,0.42,0.40,0.40,0.31,0.29,0.30,0.39,0.41
28/11/2012,12985.11035,0.44,0.48,0.50,0.42,0.40,0.40,0.31,0.29,0.30,0.39
29/11/2012,13021.82031,0.49,0.44,0.48,0.50,0.42,0.40,0.40,0.31,0.29,0.30
30/11/2012,13025.58008,0.51,0.49,0.44,0.48,0.50,0.42,0.40,0.40,0.31,0.29
3/12/2012,12965.59961,0.51,0.51,0.49,0.44,0.48,0.50,0.42,0.40,0.40,0.31
4/12/2012,12951.78027,0.48,0.51,0.51,0.49,0.44,0.48,0.50,0.42,0.40,0.40
5/12/2012,13034.49023,0.48,0.48,0.51,0.51,0.49,0.44,0.48,0.50,0.42,0.40
6/12/2012,13074.04004,0.52,0.48,0.48,0.51,0.51,0.49,0.44,0.48,0.50,0.42
7/12/2012,13155.12988,0.53,0.52,0.48,0.48,0.51,0.51,0.49,0.44,0.48,0.50
10/12/2012,13169.87988,0.57,0.53,0.52,0.48,0.48,0.51,0.51,0.49,0.44,0.48
11/12/2012,13248.44043,0.58,0.57,0.53,0.52,0.48,0.48,0.51,0.51,0.49,0.44
12/12/2012,13245.4502,0.61,0.58,0.57,0.53,0.52,0.48,0.48,0.51,0.51,0.49
13/12/2012,13170.71973,0.61,0.61,0.58,0.57,0.53,0.52,0.48,0.48,0.51,0.51
14/12/2012,13135.00977,0.58,0.61,0.61,0.58,0.57,0.53,0.52,0.48,0.48,0.51
17/12/2012,13235.38965,0.56,0.58,0.61,0.61,0.58,0.57,0.53,0.52,0.48,0.48
18/12/2012,13350.95996,0.61,0.56,0.58,0.61,0.61,0.58,0.57,0.53,0.52,0.48
19/12/2012,13251.96973,0.66,0.61,0.56,0.58,0.61,0.61,0.58,0.57,0.53,0.52
20/12/2012,13311.71973,0.62,0.66,0.61,0.56,0.58,0.61,0.61,0.58,0.57,0.53
21/12/2012,13190.83984,0.64,0.62,0.66,0.61,0.56,0.58,0.61,0.61,0.58,0.57
24/12/2012,13138.92969,0.59,0.64,0.62,0.66,0.61,0.56,0.58,0.61,0.61,0.58
26/12/2012,13114.58984,0.56,0.59,0.64,0.62,0.66,0.61,0.56,0.58,0.61,0.61
27/12/2012,13096.30957,0.55,0.56,0.59,0.64,0.62,0.66,0.61,0.56,0.58,0.61
28/12/2012,12938.11035,0.54,0.55,0.56,0.59,0.64,0.62,0.66,0.61,0.56,0.58
31/12/2012,13104.13965,0.47,0.54,0.55,0.56,0.59,0.64,0.62,0.66,0.61,0.56
2/1/2013,13412.54981,0.55,0.47,0.54,0.55,0.56,0.59,0.64,0.62,0.66,0.61
3/1/2013,13391.36035,0.69,0.55,0.47,0.54,0.55,0.56,0.59,0.64,0.62,0.66
4/1/2013,13435.20996,0.68,0.69,0.55,0.47,0.54,0.55,0.56,0.59,0.64,0.62
7/1/2013,13384.29004,0.70,0.68,0.69,0.55,0.47,0.54,0.55,0.56,0.59,0.64
8/1/2013,13328.84961,0.68,0.70,0.68,0.69,0.55,0.47,0.54,0.55,0.56,0.59
9/1/2013,13390.50977,0.65,0.68,0.70,0.68,0.69,0.55,0.47,0.54,0.55,0.56
10/1/2013,13471.21973,0.68,0.65,0.68,0.70,0.68,0.69,0.55,0.47,0.54,0.55
11/1/2013,13488.42969,0.72,0.68,0.65,0.68,0.70,0.68,0.69,0.55,0.47,0.54
14/1/2013,13507.32031,0.73,0.72,0.68,0.65,0.68,0.70,0.68,0.69,0.55,0.47
15/1/2013,13534.88965,0.73,0.73,0.72,0.68,0.65,0.68,0.70,0.68,0.69,0.55
16/1/2013,13511.23047,0.75,0.73,0.73,0.72,0.68,0.65,0.68,0.70,0.68,0.69
17/1/2013,13596.01953,0.74,0.75,0.73,0.73,0.72,0.68,0.65,0.68,0.70,0.68
18/1/2013,13649.7002,0.78,0.74,0.75,0.73,0.73,0.72,0.68,0.65,0.68,0.70
22/1/2013,13712.20996,0.80,0.78,0.74,0.75,0.73,0.73,0.72,0.68,0.65,0.68
23/1/2013,13779.33008,0.83,0.80,0.78,0.74,0.75,0.73,0.73,0.72,0.68,0.65
24/1/2013,13825.33008,0.86,0.83,0.80,0.78,0.74,0.75,0.73,0.73,0.72,0.68
25/1/2013,13895.98047,0.88,0.86,0.83,0.80,0.78,0.74,0.75,0.73,0.73,0.72
28/1/2013,13881.92969,0.91,0.88,0.86,0.83,0.80,0.78,0.74,0.75,0.73,0.73
29/1/2013,13954.41992,0.91,0.91,0.88,0.86,0.83,0.80,0.78,0.74,0.75,0.73
30/1/2013,13910.41992,0.94,0.91,0.91,0.88,0.86,0.83,0.80,0.78,0.74,0.75
31/1/2013,13860.58008,0.92,0.94,0.91,0.91,0.88,0.86,0.83,0.80,0.78,0.74
1/2/2013,14009.79004,0.90,0.92,0.94,0.91,0.91,0.88,0.86,0.83,0.80,0.78
4/2/2013,13880.08008,0.97,0.90,0.92,0.94,0.91,0.91,0.88,0.86,0.83,0.80
5/2/2013,13979.29981,0.91,0.97,0.90,0.92,0.94,0.91,0.91,0.88,0.86,0.83
6/2/2013,13986.51953,0.95,0.91,0.97,0.90,0.92,0.94,0.91,0.91,0.88,0.86
7/2/2013,13944.04981,0.96,0.95,0.91,0.97,0.90,0.92,0.94,0.91,0.91,0.88
8/2/2013,13992.96973,0.94,0.96,0.95,0.91,0.97,0.90,0.92,0.94,0.91,0.91
11/2/2013,13971.24023,0.96,0.94,0.96,0.95,0.91,0.97,0.90,0.92,0.94,0.91
12/2/2013,14018.7002,0.95,0.96,0.94,0.96,0.95,0.91,0.97,0.90,0.92,0.94
13/2/2013,13982.91016,0.97,0.95,0.96,0.94,0.96,0.95,0.91,0.97,0.90,0.92
14/2/2013,13973.38965,0.95,0.97,0.95,0.96,0.94,0.96,0.95,0.91,0.97,0.90
15/2/2013,13981.75977,0.95,0.95,0.97,0.95,0.96,0.94,0.96,0.95,0.91,0.97
19/2/2013,14035.66992,0.95,0.95,0.95,0.97,0.95,0.96,0.94,0.96,0.95,0.91
20/2/2013,13927.54004,0.98,0.95,0.95,0.95,0.97,0.95,0.96,0.94,0.96,0.95
21/2/2013,13880.62012,0.93,0.98,0.95,0.95,0.95,0.97,0.95,0.96,0.94,0.96
22/2/2013,14000.57031,0.91,0.93,0.98,0.95,0.95,0.95,0.97,0.95,0.96,0.94
25/2/2013,13784.16992,0.96,0.91,0.93,0.98,0.95,0.95,0.95,0.97,0.95,0.96
26/2/2013,13900.12988,0.86,0.96,0.91,0.93,0.98,0.95,0.95,0.95,0.97,0.95
27/2/2013,14075.37012,0.92,0.86,0.96,0.91,0.93,0.98,0.95,0.95,0.95,0.97
28/2/2013,14054.49023,1.00,0.92,0.86,0.96,0.91,0.93,0.98,0.95,0.95,0.95
1/3/2013,14089.66016,0.99,1.00,0.92,0.86,0.96,0.91,0.93,0.98,0.95,0.95
4/3/2013,14127.82031,1.00,0.99,1.00,0.92,0.86,0.96,0.91,0.93,0.98,0.95
5/3/2013,14253.76953,1.02,1.00,0.99,1.00,0.92,0.86,0.96,0.91,0.93,0.98
6/3/2013,14296.24023,1.08,1.02,1.00,0.99,1.00,0.92,0.86,0.96,0.91,0.93
7/3/2013,14329.49023,1.10,1.08,1.02,1.00,0.99,1.00,0.92,0.86,0.96,0.91
8/3/2013,14397.07031,1.12,1.10,1.08,1.02,1.00,0.99,1.00,0.92,0.86,0.96
11/3/2013,14447.29004,1.15,1.12,1.10,1.08,1.02,1.00,0.99,1.00,0.92,0.86
12/3/2013,14450.05957,1.17,1.15,1.12,1.10,1.08,1.02,1.00,0.99,1.00,0.92
13/3/2013,14455.28027,1.17,1.17,1.15,1.12,1.10,1.08,1.02,1.00,0.99,1.00
14/3/2013,14539.13965,1.17,1.17,1.17,1.15,1.12,1.10,1.08,1.02,1.00,0.99
15/3/2013,14514.11035,1.21,1.17,1.17,1.17,1.15,1.12,1.10,1.08,1.02,1.00
18/3/2013,14452.05957,1.20,1.21,1.17,1.17,1.17,1.15,1.12,1.10,1.08,1.02
19/3/2013,14455.82031,1.17,1.20,1.21,1.17,1.17,1.17,1.15,1.12,1.10,1.08
20/3/2013,14511.73047,1.17,1.17,1.20,1.21,1.17,1.17,1.17,1.15,1.12,1.10
21/3/2013,14421.49023,1.20,1.17,1.17,1.20,1.21,1.17,1.17,1.17,1.15,1.12
22/3/2013,14512.03027,1.16,1.20,1.17,1.17,1.20,1.21,1.17,1.17,1.17,1.15
25/3/2013,14447.75,1.20,1.16,1.20,1.17,1.17,1.20,1.21,1.17,1.17,1.17
26/3/2013,14559.65039,1.17,1.20,1.16,1.20,1.17,1.17,1.20,1.21,1.17,1.17
27/3/2013,14526.16016,1.22,1.17,1.20,1.16,1.20,1.17,1.17,1.20,1.21,1.17
28/3/2013,14578.54004,1.21,1.22,1.17,1.20,1.16,1.20,1.17,1.17,1.20,1.21
1/4/2013,14572.84961,1.23,1.21,1.22,1.17,1.20,1.16,1.20,1.17,1.17,1.20
2/4/2013,14662.00977,1.23,1.23,1.21,1.22,1.17,1.20,1.16,1.20,1.17,1.17
3/4/2013,14550.34961,1.27,1.23,1.23,1.21,1.22,1.17,1.20,1.16,1.20,1.17
4/4/2013,14606.11035,1.22,1.27,1.23,1.23,1.21,1.22,1.17,1.20,1.16,1.20
5/4/2013,14565.25,1.24,1.22,1.27,1.23,1.23,1.21,1.22,1.17,1.20,1.16
8/4/2013,14613.48047,1.22,1.24,1.22,1.27,1.23,1.23,1.21,1.22,1.17,1.20
9/4/2013,14673.45996,1.25,1.22,1.24,1.22,1.27,1.23,1.23,1.21,1.22,1.17
10/4/2013,14802.24023,1.27,1.25,1.22,1.24,1.22,1.27,1.23,1.23,1.21,1.22
11/4/2013,14865.13965,1.33,1.27,1.25,1.22,1.24,1.22,1.27,1.23,1.23,1.21
12/4/2013,14865.05957,1.36,1.33,1.27,1.25,1.22,1.24,1.22,1.27,1.23,1.23
15/4/2013,14599.2002,1.36,1.36,1.33,1.27,1.25,1.22,1.24,1.22,1.27,1.23
16/4/2013,14756.78027,1.24,1.36,1.36,1.33,1.27,1.25,1.22,1.24,1.22,1.27
17/4/2013,14618.58984,1.31,1.24,1.36,1.36,1.33,1.27,1.25,1.22,1.24,1.22
18/4/2013,14537.13965,1.25,1.31,1.24,1.36,1.36,1.33,1.27,1.25,1.22,1.24
19/4/2013,14547.50977,1.21,1.25,1.31,1.24,1.36,1.36,1.33,1.27,1.25,1.22
22/4/2013,14567.16992,1.22,1.21,1.25,1.31,1.24,1.36,1.36,1.33,1.27,1.25
23/4/2013,14719.45996,1.23,1.22,1.21,1.25,1.31,1.24,1.36,1.36,1.33,1.27
24/4/2013,14676.29981,1.30,1.23,1.22,1.21,1.25,1.31,1.24,1.36,1.36,1.33
25/4/2013,14700.79981,1.28,1.30,1.23,1.22,1.21,1.25,1.31,1.24,1.36,1.36
26/4/2013,14712.54981,1.29,1.28,1.30,1.23,1.22,1.21,1.25,1.31,1.24,1.36
29/4/2013,14818.75,1.29,1.29,1.28,1.30,1.23,1.22,1.21,1.25,1.31,1.24
30/4/2013,14839.79981,1.34,1.29,1.29,1.28,1.30,1.23,1.22,1.21,1.25,1.31
1/5/2013,14700.9502,1.35,1.34,1.29,1.29,1.28,1.30,1.23,1.22,1.21,1.25
2/5/2013,14831.58008,1.29,1.35,1.34,1.29,1.29,1.28,1.30,1.23,1.22,1.21
3/5/2013,14973.95996,1.35,1.29,1.35,1.34,1.29,1.29,1.28,1.30,1.23,1.22
6/5/2013,14968.88965,1.41,1.35,1.29,1.35,1.34,1.29,1.29,1.28,1.30,1.23
7/5/2013,15056.2002,1.41,1.41,1.35,1.29,1.35,1.34,1.29,1.29,1.28,1.30
8/5/2013,15105.12012,1.45,1.41,1.41,1.35,1.29,1.35,1.34,1.29,1.29,1.28
9/5/2013,15082.62012,1.47,1.45,1.41,1.41,1.35,1.29,1.35,1.34,1.29,1.29
10/5/2013,15118.49023,1.46,1.47,1.45,1.41,1.41,1.35,1.29,1.35,1.34,1.29
13/5/2013,15091.67969,1.48,1.46,1.47,1.45,1.41,1.41,1.35,1.29,1.35,1.34
14/5/2013,15215.25,1.47,1.48,1.46,1.47,1.45,1.41,1.41,1.35,1.29,1.35
15/5/2013,15275.69043,1.53,1.47,1.48,1.46,1.47,1.45,1.41,1.41,1.35,1.29
16/5/2013,15233.21973,1.55,1.53,1.47,1.48,1.46,1.47,1.45,1.41,1.41,1.35
17/5/2013,15354.40039,1.53,1.55,1.53,1.47,1.48,1.46,1.47,1.45,1.41,1.41
20/5/2013,15335.28027,1.59,1.53,1.55,1.53,1.47,1.48,1.46,1.47,1.45,1.41
21/5/2013,15387.58008,1.58,1.59,1.53,1.55,1.53,1.47,1.48,1.46,1.47,1.45
22/5/2013,15307.16992,1.61,1.58,1.59,1.53,1.55,1.53,1.47,1.48,1.46,1.47
23/5/2013,15294.5,1.57,1.61,1.58,1.59,1.53,1.55,1.53,1.47,1.48,1.46
24/5/2013,15303.09961,1.56,1.57,1.61,1.58,1.59,1.53,1.55,1.53,1.47,1.48
28/5/2013,15409.38965,1.57,1.56,1.57,1.61,1.58,1.59,1.53,1.55,1.53,1.47
29/5/2013,15302.79981,1.62,1.57,1.56,1.57,1.61,1.58,1.59,1.53,1.55,1.53
30/5/2013,15324.53027,1.57,1.62,1.57,1.56,1.57,1.61,1.58,1.59,1.53,1.55
31/5/2013,15115.57031,1.58,1.57,1.62,1.57,1.56,1.57,1.61,1.58,1.59,1.53
3/6/2013,15254.03027,1.48,1.58,1.57,1.62,1.57,1.56,1.57,1.61,1.58,1.59
4/6/2013,15177.54004,1.54,1.48,1.58,1.57,1.62,1.57,1.56,1.57,1.61,1.58
5/6/2013,14960.58984,1.51,1.54,1.48,1.58,1.57,1.62,1.57,1.56,1.57,1.61
6/6/2013,15040.62012,1.41,1.51,1.54,1.48,1.58,1.57,1.62,1.57,1.56,1.57
7/6/2013,15248.12012,1.44,1.41,1.51,1.54,1.48,1.58,1.57,1.62,1.57,1.56
10/6/2013,15238.58984,1.54,1.44,1.41,1.51,1.54,1.48,1.58,1.57,1.62,1.57
11/6/2013,15122.01953,1.54,1.54,1.44,1.41,1.51,1.54,1.48,1.58,1.57,1.62
12/6/2013,14995.23047,1.48,1.54,1.54,1.44,1.41,1.51,1.54,1.48,1.58,1.57
13/6/2013,15176.08008,1.42,1.48,1.54,1.54,1.44,1.41,1.51,1.54,1.48,1.58
14/6/2013,15070.17969,1.51,1.42,1.48,1.54,1.54,1.44,1.41,1.51,1.54,1.48
17/6/2013,15179.84961,1.46,1.51,1.42,1.48,1.54,1.54,1.44,1.41,1.51,1.54
18/6/2013,15318.23047,1.51,1.46,1.51,1.42,1.48,1.54,1.54,1.44,1.41,1.51
19/6/2013,15112.19043,1.57,1.51,1.46,1.51,1.42,1.48,1.54,1.54,1.44,1.41
20/6/2013,14758.32031,1.48,1.57,1.51,1.46,1.51,1.42,1.48,1.54,1.54,1.44
21/6/2013,14799.40039,1.31,1.48,1.57,1.51,1.46,1.51,1.42,1.48,1.54,1.54
24/6/2013,14659.55957,1.33,1.31,1.48,1.57,1.51,1.46,1.51,1.42,1.48,1.54
25/6/2013,14760.30957,1.27,1.33,1.31,1.48,1.57,1.51,1.46,1.51,1.42,1.48
26/6/2013,14910.13965,1.31,1.27,1.33,1.31,1.48,1.57,1.51,1.46,1.51,1.42
27/6/2013,15024.49023,1.38,1.31,1.27,1.33,1.31,1.48,1.57,1.51,1.46,1.51
28/6/2013,14909.59961,1.44,1.38,1.31,1.27,1.33,1.31,1.48,1.57,1.51,1.46
1/7/2013,14974.95996,1.38,1.44,1.38,1.31,1.27,1.33,1.31,1.48,1.57,1.51
2/7/2013,14932.41016,1.41,1.38,1.44,1.38,1.31,1.27,1.33,1.31,1.48,1.57
3/7/2013,14988.37012,1.39,1.41,1.38,1.44,1.38,1.31,1.27,1.33,1.31,1.48
5/7/2013,15135.83984,1.42,1.39,1.41,1.38,1.44,1.38,1.31,1.27,1.33,1.31
8/7/2013,15224.69043,1.49,1.42,1.39,1.41,1.38,1.44,1.38,1.31,1.27,1.33
9/7/2013,15300.33984,1.53,1.49,1.42,1.39,1.41,1.38,1.44,1.38,1.31,1.27
10/7/2013,15291.66016,1.57,1.53,1.49,1.42,1.39,1.41,1.38,1.44,1.38,1.31
11/7/2013,15460.91992,1.56,1.57,1.53,1.49,1.42,1.39,1.41,1.38,1.44,1.38
12/7/2013,15464.29981,1.64,1.56,1.57,1.53,1.49,1.42,1.39,1.41,1.38,1.44
15/7/2013,15484.25977,1.64,1.64,1.56,1.57,1.53,1.49,1.42,1.39,1.41,1.38
16/7/2013,15451.84961,1.65,1.64,1.64,1.56,1.57,1.53,1.49,1.42,1.39,1.41
17/7/2013,15470.51953,1.64,1.65,1.64,1.64,1.56,1.57,1.53,1.49,1.42,1.39
18/7/2013,15548.54004,1.64,1.64,1.65,1.64,1.64,1.56,1.57,1.53,1.49,1.42
19/7/2013,15543.74023,1.68,1.64,1.64,1.65,1.64,1.64,1.56,1.57,1.53,1.49
22/7/2013,15545.54981,1.68,1.68,1.64,1.64,1.65,1.64,1.64,1.56,1.57,1.53
23/7/2013,15567.74023,1.68,1.68,1.68,1.64,1.64,1.65,1.64,1.64,1.56,1.57
24/7/2013,15542.24023,1.69,1.68,1.68,1.68,1.64,1.64,1.65,1.64,1.64,1.56
25/7/2013,15555.61035,1.68,1.69,1.68,1.68,1.68,1.64,1.64,1.65,1.64,1.64
26/7/2013,15558.83008,1.68,1.68,1.69,1.68,1.68,1.68,1.64,1.64,1.65,1.64
29/7/2013,15521.96973,1.68,1.68,1.68,1.69,1.68,1.68,1.68,1.64,1.64,1.65
30/7/2013,15520.58984,1.67,1.68,1.68,1.68,1.69,1.68,1.68,1.68,1.64,1.64
31/7/2013,15499.54004,1.67,1.67,1.68,1.68,1.68,1.69,1.68,1.68,1.68,1.64
1/8/2013,15628.01953,1.66,1.67,1.67,1.68,1.68,1.68,1.69,1.68,1.68,1.68
2/8/2013,15658.36035,1.72,1.66,1.67,1.67,1.68,1.68,1.68,1.69,1.68,1.68
5/8/2013,15612.12988,1.73,1.72,1.66,1.67,1.67,1.68,1.68,1.68,1.69,1.68
6/8/2013,15518.74023,1.71,1.73,1.72,1.66,1.67,1.67,1.68,1.68,1.68,1.69
7/8/2013,15470.66992,1.67,1.71,1.73,1.72,1.66,1.67,1.67,1.68,1.68,1.68
8/8/2013,15498.32031,1.64,1.67,1.71,1.73,1.72,1.66,1.67,1.67,1.68,1.68
9/8/2013,15425.50977,1.66,1.64,1.67,1.71,1.73,1.72,1.66,1.67,1.67,1.68
12/8/2013,15419.67969,1.62,1.66,1.64,1.67,1.71,1.73,1.72,1.66,1.67,1.67
13/8/2013,15451.00977,1.62,1.62,1.66,1.64,1.67,1.71,1.73,1.72,1.66,1.67
14/8/2013,15337.66016,1.63,1.62,1.62,1.66,1.64,1.67,1.71,1.73,1.72,1.66
15/8/2013,15112.19043,1.58,1.63,1.62,1.62,1.66,1.64,1.67,1.71,1.73,1.72
16/8/2013,15081.46973,1.48,1.58,1.63,1.62,1.62,1.66,1.64,1.67,1.71,1.73
19/8/2013,15010.74023,1.46,1.48,1.58,1.63,1.62,1.62,1.66,1.64,1.67,1.71
20/8/2013,15002.99023,1.43,1.46,1.48,1.58,1.63,1.62,1.62,1.66,1.64,1.67
21/8/2013,14897.54981,1.43,1.43,1.46,1.48,1.58,1.63,1.62,1.62,1.66,1.64
22/8/2013,14963.74023,1.38,1.43,1.43,1.46,1.48,1.58,1.63,1.62,1.62,1.66
23/8/2013,15010.50977,1.41,1.38,1.43,1.43,1.46,1.48,1.58,1.63,1.62,1.62
26/8/2013,14946.45996,1.43,1.41,1.38,1.43,1.43,1.46,1.48,1.58,1.63,1.62
27/8/2013,14776.12988,1.40,1.43,1.41,1.38,1.43,1.43,1.46,1.48,1.58,1.63
28/8/2013,14824.50977,1.32,1.40,1.43,1.41,1.38,1.43,1.43,1.46,1.48,1.58
29/8/2013,14840.9502,1.34,1.32,1.40,1.43,1.41,1.38,1.43,1.43,1.46,1.48
30/8/2013,14810.30957,1.35,1.34,1.32,1.40,1.43,1.41,1.38,1.43,1.43,1.46
3/9/2013,14833.95996,1.34,1.35,1.34,1.32,1.40,1.43,1.41,1.38,1.43,1.43
4/9/2013,14930.87012,1.35,1.34,1.35,1.34,1.32,1.40,1.43,1.41,1.38,1.43
5/9/2013,14937.48047,1.39,1.35,1.34,1.35,1.34,1.32,1.40,1.43,1.41,1.38
6/9/2013,14922.5,1.40,1.39,1.35,1.34,1.35,1.34,1.32,1.40,1.43,1.41
9/9/2013,15063.12012,1.39,1.40,1.39,1.35,1.34,1.35,1.34,1.32,1.40,1.43
10/9/2013,15191.05957,1.46,1.39,1.40,1.39,1.35,1.34,1.35,1.34,1.32,1.40
11/9/2013,15326.59961,1.51,1.46,1.39,1.40,1.39,1.35,1.34,1.35,1.34,1.32
12/9/2013,15300.63965,1.58,1.51,1.46,1.39,1.40,1.39,1.35,1.34,1.35,1.34
13/9/2013,15376.05957,1.57,1.58,1.51,1.46,1.39,1.40,1.39,1.35,1.34,1.35
16/9/2013,15494.78027,1.60,1.57,1.58,1.51,1.46,1.39,1.40,1.39,1.35,1.34
17/9/2013,15529.73047,1.66,1.60,1.57,1.58,1.51,1.46,1.39,1.40,1.39,1.35
18/9/2013,15676.94043,1.67,1.66,1.60,1.57,1.58,1.51,1.46,1.39,1.40,1.39
19/9/2013,15636.54981,1.74,1.67,1.66,1.60,1.57,1.58,1.51,1.46,1.39,1.40
20/9/2013,15451.08984,1.72,1.74,1.67,1.66,1.60,1.57,1.58,1.51,1.46,1.39
23/9/2013,15401.37988,1.63,1.72,1.74,1.67,1.66,1.60,1.57,1.58,1.51,1.46
24/9/2013,15334.58984,1.61,1.63,1.72,1.74,1.67,1.66,1.60,1.57,1.58,1.51
25/9/2013,15273.25977,1.58,1.61,1.63,1.72,1.74,1.67,1.66,1.60,1.57,1.58
26/9/2013,15328.29981,1.55,1.58,1.61,1.63,1.72,1.74,1.67,1.66,1.60,1.57
27/9/2013,15258.24023,1.58,1.55,1.58,1.61,1.63,1.72,1.74,1.67,1.66,1.60
30/9/2013,15129.66992,1.55,1.58,1.55,1.58,1.61,1.63,1.72,1.74,1.67,1.66
1/10/2013,15191.7002,1.49,1.55,1.58,1.55,1.58,1.61,1.63,1.72,1.74,1.67
2/10/2013,15133.13965,1.51,1.49,1.55,1.58,1.55,1.58,1.61,1.63,1.72,1.74
3/10/2013,14996.48047,1.49,1.51,1.49,1.55,1.58,1.55,1.58,1.61,1.63,1.72
4/10/2013,15072.58008,1.42,1.49,1.51,1.49,1.55,1.58,1.55,1.58,1.61,1.63
7/10/2013,14936.24023,1.46,1.42,1.49,1.51,1.49,1.55,1.58,1.55,1.58,1.61
8/10/2013,14776.53027,1.40,1.46,1.42,1.49,1.51,1.49,1.55,1.58,1.55,1.58
9/10/2013,14802.98047,1.32,1.40,1.46,1.42,1.49,1.51,1.49,1.55,1.58,1.55
10/10/2013,15126.07031,1.33,1.32,1.40,1.46,1.42,1.49,1.51,1.49,1.55,1.58
11/10/2013,15237.11035,1.48,1.33,1.32,1.40,1.46,1.42,1.49,1.51,1.49,1.55
14/10/2013,15301.25977,1.54,1.48,1.33,1.32,1.40,1.46,1.42,1.49,1.51,1.49
15/10/2013,15168.00977,1.57,1.54,1.48,1.33,1.32,1.40,1.46,1.42,1.49,1.51
16/10/2013,15373.83008,1.50,1.57,1.54,1.48,1.33,1.32,1.40,1.46,1.42,1.49
17/10/2013,15371.65039,1.60,1.50,1.57,1.54,1.48,1.33,1.32,1.40,1.46,1.42
18/10/2013,15399.65039,1.60,1.60,1.50,1.57,1.54,1.48,1.33,1.32,1.40,1.46
21/10/2013,15392.2002,1.61,1.60,1.60,1.50,1.57,1.54,1.48,1.33,1.32,1.40
22/10/2013,15467.66016,1.61,1.61,1.60,1.60,1.50,1.57,1.54,1.48,1.33,1.32
23/10/2013,15413.33008,1.64,1.61,1.61,1.60,1.60,1.50,1.57,1.54,1.48,1.33
24/10/2013,15509.20996,1.62,1.64,1.61,1.61,1.60,1.60,1.50,1.57,1.54,1.48
25/10/2013,15570.28027,1.66,1.62,1.64,1.61,1.61,1.60,1.60,1.50,1.57,1.54
28/10/2013,15568.92969,1.69,1.66,1.62,1.64,1.61,1.61,1.60,1.60,1.50,1.57
29/10/2013,15680.34961,1.69,1.69,1.66,1.62,1.64,1.61,1.61,1.60,1.60,1.50
30/10/2013,15618.75977,1.74,1.69,1.69,1.66,1.62,1.64,1.61,1.61,1.60,1.60
31/10/2013,15545.75,1.71,1.74,1.69,1.69,1.66,1.62,1.64,1.61,1.61,1.60
1/11/2013,15615.54981,1.68,1.71,1.74,1.69,1.69,1.66,1.62,1.64,1.61,1.61
4/11/2013,15639.12012,1.71,1.68,1.71,1.74,1.69,1.69,1.66,1.62,1.64,1.61
5/11/2013,15618.21973,1.72,1.71,1.68,1.71,1.74,1.69,1.69,1.66,1.62,1.64
6/11/2013,15746.87988,1.71,1.72,1.71,1.68,1.71,1.74,1.69,1.69,1.66,1.62
7/11/2013,15593.98047,1.77,1.71,1.72,1.71,1.68,1.71,1.74,1.69,1.69,1.66
8/11/2013,15761.78027,1.70,1.77,1.71,1.72,1.71,1.68,1.71,1.74,1.69,1.69
11/11/2013,15783.09961,1.78,1.70,1.77,1.71,1.72,1.71,1.68,1.71,1.74,1.69
12/11/2013,15750.66992,1.79,1.78,1.70,1.77,1.71,1.72,1.71,1.68,1.71,1.74
13/11/2013,15821.62988,1.77,1.79,1.78,1.70,1.77,1.71,1.72,1.71,1.68,1.71
14/11/2013,15876.21973,1.81,1.77,1.79,1.78,1.70,1.77,1.71,1.72,1.71,1.68
15/11/2013,15961.7002,1.83,1.81,1.77,1.79,1.78,1.70,1.77,1.71,1.72,1.71
18/11/2013,15976.01953,1.87,1.83,1.81,1.77,1.79,1.78,1.70,1.77,1.71,1.72
19/11/2013,15967.03027,1.88,1.87,1.83,1.81,1.77,1.79,1.78,1.70,1.77,1.71
20/11/2013,15900.82031,1.87,1.88,1.87,1.83,1.81,1.77,1.79,1.78,1.70,1.77
21/11/2013,16009.99023,1.84,1.87,1.88,1.87,1.83,1.81,1.77,1.79,1.78,1.70
22/11/2013,16064.76953,1.89,1.84,1.87,1.88,1.87,1.83,1.81,1.77,1.79,1.78
25/11/2013,16072.54004,1.92,1.89,1.84,1.87,1.88,1.87,1.83,1.81,1.77,1.79
26/11/2013,16072.79981,1.92,1.92,1.89,1.84,1.87,1.88,1.87,1.83,1.81,1.77
27/11/2013,16097.33008,1.92,1.92,1.92,1.89,1.84,1.87,1.88,1.87,1.83,1.81
29/11/2013,16086.41016,1.93,1.92,1.92,1.92,1.89,1.84,1.87,1.88,1.87,1.83
2/12/2013,16008.76953,1.93,1.93,1.92,1.92,1.92,1.89,1.84,1.87,1.88,1.87
3/12/2013,15914.62012,1.89,1.93,1.93,1.92,1.92,1.92,1.89,1.84,1.87,1.88
4/12/2013,15889.76953,1.85,1.89,1.93,1.93,1.92,1.92,1.92,1.89,1.84,1.87
5/12/2013,15821.50977,1.84,1.85,1.89,1.93,1.93,1.92,1.92,1.92,1.89,1.84
6/12/2013,16020.2002,1.81,1.84,1.85,1.89,1.93,1.93,1.92,1.92,1.92,1.89
9/12/2013,16025.53027,1.90,1.81,1.84,1.85,1.89,1.93,1.93,1.92,1.92,1.92
10/12/2013,15973.12988,1.90,1.90,1.81,1.84,1.85,1.89,1.93,1.93,1.92,1.92
11/12/2013,15843.53027,1.88,1.90,1.90,1.81,1.84,1.85,1.89,1.93,1.93,1.92
12/12/2013,15739.42969,1.82,1.88,1.90,1.90,1.81,1.84,1.85,1.89,1.93,1.93
13/12/2013,15755.36035,1.77,1.82,1.88,1.90,1.90,1.81,1.84,1.85,1.89,1.93
16/12/2013,15884.57031,1.78,1.77,1.82,1.88,1.90,1.90,1.81,1.84,1.85,1.89
17/12/2013,15875.25977,1.84,1.78,1.77,1.82,1.88,1.90,1.90,1.81,1.84,1.85
18/12/2013,16167.96973,1.83,1.84,1.78,1.77,1.82,1.88,1.90,1.90,1.81,1.84
19/12/2013,16179.08008,1.97,1.83,1.84,1.78,1.77,1.82,1.88,1.90,1.90,1.81
20/12/2013,16221.13965,1.97,1.97,1.83,1.84,1.78,1.77,1.82,1.88,1.90,1.90
23/12/2013,16294.61035,1.99,1.97,1.97,1.83,1.84,1.78,1.77,1.82,1.88,1.90
24/12/2013,16357.54981,2.03,1.99,1.97,1.97,1.83,1.84,1.78,1.77,1.82,1.88
26/12/2013,16479.88086,2.05,2.03,1.99,1.97,1.97,1.83,1.84,1.78,1.77,1.82
27/12/2013,16478.41016,2.11,2.05,2.03,1.99,1.97,1.97,1.83,1.84,1.78,1.77
30/12/2013,16504.28906,2.11,2.11,2.05,2.03,1.99,1.97,1.97,1.83,1.84,1.78
31/12/2013,16576.66016,2.12,2.11,2.11,2.05,2.03,1.99,1.97,1.97,1.83,1.84
